{"v":"5.7.4","fr":25,"ip":0,"op":100,"w":1000,"h":600,"nm":"Comp 1","ddd":0,"assets":[{"id":"comp_0","layers":[{"ddd":0,"ind":1,"ty":4,"nm":"leaf Outlines 15","sr":1,"ks":{"o":{"a":0,"k":100,"ix":11},"r":{"a":0,"k":76,"ix":10},"p":{"a":0,"k":[787.604,106.982,0],"ix":2,"l":2},"a":{"a":0,"k":[17.86,2.31,0],"ix":1,"l":2},"s":{"a":1,"k":[{"i":{"x":[0.833,0.833,0.833],"y":[1,1,1]},"o":{"x":[1,1,0.333],"y":[0,0,0]},"t":4,"s":[0,0,100]},{"i":{"x":[0.833,0.833,0.833],"y":[1,1,1]},"o":{"x":[0.167,0.167,0.167],"y":[0,0,0]},"t":27,"s":[209,209,100]},{"t":34,"s":[248,248,100]}],"ix":6,"l":2}},"ao":0,"shapes":[{"ty":"gr","it":[{"ind":0,"ty":"sh","ix":1,"ks":{"a":0,"k":{"i":[[0.195,0.049],[0.277,-0.767],[-0.089,-1.094],[-0.476,-0.61],[-0.689,0.26],[-0.271,0.718],[0.881,1.813],[0.293,0.223],[0.132,-0.059]],"o":[[-0.609,0.271],[-0.256,0.709],[0.099,1.221],[0.43,0.551],[0.465,-0.174],[0.586,-1.547],[-0.168,-0.343],[-0.181,-0.138],[-0.195,0.093]],"v":[[-0.59,-3.779],[-1.999,-2.132],[-2.245,0.511],[-1.402,3.193],[0.548,3.933],[1.706,2.53],[1.24,-2.756],[0.568,-3.705],[0.012,-3.842]],"c":true},"ix":2},"nm":"Path 1","mn":"ADBE Vector Shape - Group","hd":false},{"ind":1,"ty":"sh","ix":2,"ks":{"a":0,"k":{"i":[[0.363,0],[0.753,0.964],[0.128,1.588],[-0.347,0.961],[-1.126,0.451],[-0.177,-0.042],[-0.695,-0.529],[-0.245,-0.504],[0.761,-2.012],[0.966,-0.361]],"o":[[-1.082,0],[-0.703,-0.899],[-0.111,-1.362],[0.465,-1.292],[0.179,-0.072],[0.729,-0.291],[0.598,0.457],[1.099,2.258],[-0.463,1.223],[-0.34,0.128]],"v":[[0.12,5.817],[-2.829,4.306],[-4.049,0.658],[-3.702,-2.746],[-1.199,-5.487],[-0.654,-5.526],[1.665,-5.145],[2.867,-3.547],[3.398,3.171],[1.182,5.628]],"c":true},"ix":2},"nm":"Path 2","mn":"ADBE Vector Shape - Group","hd":false},{"ty":"mm","mm":1,"nm":"Merge Paths 1","mn":"ADBE Vector Filter - Merge","hd":false},{"ty":"fl","c":{"a":0,"k":[0.20202998741,0.592156862745,0.422336952359,1],"ix":4},"o":{"a":0,"k":100,"ix":5},"r":1,"bm":0,"nm":"Fill 1","mn":"ADBE Vector Graphic - Fill","hd":false},{"ty":"tr","p":{"a":0,"k":[7.944,26.689],"ix":2},"a":{"a":0,"k":[0,0],"ix":1},"s":{"a":0,"k":[100,100],"ix":3},"r":{"a":0,"k":0,"ix":6},"o":{"a":0,"k":100,"ix":7},"sk":{"a":0,"k":0,"ix":4},"sa":{"a":0,"k":0,"ix":5},"nm":"Transform"}],"nm":"Group 1","np":4,"cix":2,"bm":0,"ix":1,"mn":"ADBE Vector Group","hd":false},{"ty":"gr","it":[{"ind":0,"ty":"sh","ix":1,"ks":{"a":0,"k":{"i":[[0,0],[-0.424,-0.321],[-0.233,-0.478],[0.731,-1.93],[0.825,-0.308],[0.693,0.888],[0.091,1.122],[-0.346,0.96],[-0.948,0.378]],"o":[[0.479,-0.229],[0.423,0.323],[0.903,1.856],[-0.312,0.824],[-1.055,0.395],[-0.693,-0.886],[-0.083,-1.016],[0.346,-0.959],[0,0]],"v":[[-0.406,-4.803],[1.092,-4.568],[2.027,-3.294],[2.525,2.706],[0.839,4.637],[-2.143,3.605],[-3.174,0.439],[-2.878,-2.583],[-0.889,-4.788]],"c":false},"ix":2},"nm":"Path 1","mn":"ADBE Vector Shape - Group","hd":false},{"ty":"fl","c":{"a":0,"k":[0.20202998741,0.592156862745,0.422336952359,1],"ix":4},"o":{"a":0,"k":100,"ix":5},"r":1,"bm":0,"nm":"Fill 1","mn":"ADBE Vector Graphic - Fill","hd":false},{"ty":"tr","p":{"a":0,"k":[7.971,26.832],"ix":2},"a":{"a":0,"k":[0,0],"ix":1},"s":{"a":0,"k":[100,100],"ix":3},"r":{"a":0,"k":0,"ix":6},"o":{"a":0,"k":100,"ix":7},"sk":{"a":0,"k":0,"ix":4},"sa":{"a":0,"k":0,"ix":5},"nm":"Transform"}],"nm":"Group 2","np":2,"cix":2,"bm":0,"ix":2,"mn":"ADBE Vector Group","hd":false},{"ty":"gr","it":[{"ind":0,"ty":"sh","ix":1,"ks":{"a":0,"k":{"i":[[0.028,0],[0.043,0.469],[-0.187,1.404],[-4.91,5.03],[-0.357,-0.349],[0.349,-0.358],[0.63,-4.728],[-0.117,-1.279],[0.498,-0.046]],"o":[[-0.462,0],[-0.131,-1.413],[0.682,-5.122],[0.349,-0.359],[0.358,0.35],[-4.632,4.746],[-0.169,1.269],[0.046,0.497],[-0.028,0.002]],"v":[[-4.114,10.366],[-5.014,9.545],[-4.928,5.3],[3.5,-10.001],[4.78,-10.017],[4.796,-8.737],[-3.134,5.539],[-3.212,9.379],[-4.03,10.363]],"c":true},"ix":2},"nm":"Path 1","mn":"ADBE Vector Shape - Group","hd":false},{"ty":"fl","c":{"a":0,"k":[0.435294117647,0.450980392157,0.062745098039,1],"ix":4},"o":{"a":0,"k":100,"ix":5},"r":1,"bm":0,"nm":"Fill 1","mn":"ADBE Vector Graphic - Fill","hd":false},{"ty":"tr","p":{"a":0,"k":[11.788,13.044],"ix":2},"a":{"a":0,"k":[0,0],"ix":1},"s":{"a":0,"k":[100,100],"ix":3},"r":{"a":0,"k":0,"ix":6},"o":{"a":0,"k":100,"ix":7},"sk":{"a":0,"k":0,"ix":4},"sa":{"a":0,"k":0,"ix":5},"nm":"Transform"}],"nm":"Group 3","np":2,"cix":2,"bm":0,"ix":3,"mn":"ADBE Vector Group","hd":false}],"ip":4,"op":104,"st":4,"bm":0},{"ddd":0,"ind":2,"ty":4,"nm":"leaf Outlines 14","sr":1,"ks":{"o":{"a":0,"k":100,"ix":11},"r":{"a":0,"k":76,"ix":10},"p":{"a":0,"k":[626.604,155.982,0],"ix":2,"l":2},"a":{"a":0,"k":[17.86,2.31,0],"ix":1,"l":2},"s":{"a":1,"k":[{"i":{"x":[0.833,0.833,0.833],"y":[1,1,1]},"o":{"x":[1,1,0.333],"y":[0,0,0]},"t":7,"s":[0,0,100]},{"i":{"x":[0.833,0.833,0.833],"y":[1,1,1]},"o":{"x":[0.167,0.167,0.167],"y":[0,0,0]},"t":30,"s":[209,209,100]},{"t":37,"s":[248,248,100]}],"ix":6,"l":2}},"ao":0,"shapes":[{"ty":"gr","it":[{"ind":0,"ty":"sh","ix":1,"ks":{"a":0,"k":{"i":[[0.195,0.049],[0.277,-0.767],[-0.089,-1.094],[-0.476,-0.61],[-0.689,0.26],[-0.271,0.718],[0.881,1.813],[0.293,0.223],[0.132,-0.059]],"o":[[-0.609,0.271],[-0.256,0.709],[0.099,1.221],[0.43,0.551],[0.465,-0.174],[0.586,-1.547],[-0.168,-0.343],[-0.181,-0.138],[-0.195,0.093]],"v":[[-0.59,-3.779],[-1.999,-2.132],[-2.245,0.511],[-1.402,3.193],[0.548,3.933],[1.706,2.53],[1.24,-2.756],[0.568,-3.705],[0.012,-3.842]],"c":true},"ix":2},"nm":"Path 1","mn":"ADBE Vector Shape - Group","hd":false},{"ind":1,"ty":"sh","ix":2,"ks":{"a":0,"k":{"i":[[0.363,0],[0.753,0.964],[0.128,1.588],[-0.347,0.961],[-1.126,0.451],[-0.177,-0.042],[-0.695,-0.529],[-0.245,-0.504],[0.761,-2.012],[0.966,-0.361]],"o":[[-1.082,0],[-0.703,-0.899],[-0.111,-1.362],[0.465,-1.292],[0.179,-0.072],[0.729,-0.291],[0.598,0.457],[1.099,2.258],[-0.463,1.223],[-0.34,0.128]],"v":[[0.12,5.817],[-2.829,4.306],[-4.049,0.658],[-3.702,-2.746],[-1.199,-5.487],[-0.654,-5.526],[1.665,-5.145],[2.867,-3.547],[3.398,3.171],[1.182,5.628]],"c":true},"ix":2},"nm":"Path 2","mn":"ADBE Vector Shape - Group","hd":false},{"ty":"mm","mm":1,"nm":"Merge Paths 1","mn":"ADBE Vector Filter - Merge","hd":false},{"ty":"fl","c":{"a":0,"k":[0.20202998741,0.592156862745,0.422336952359,1],"ix":4},"o":{"a":0,"k":100,"ix":5},"r":1,"bm":0,"nm":"Fill 1","mn":"ADBE Vector Graphic - Fill","hd":false},{"ty":"tr","p":{"a":0,"k":[7.944,26.689],"ix":2},"a":{"a":0,"k":[0,0],"ix":1},"s":{"a":0,"k":[100,100],"ix":3},"r":{"a":0,"k":0,"ix":6},"o":{"a":0,"k":100,"ix":7},"sk":{"a":0,"k":0,"ix":4},"sa":{"a":0,"k":0,"ix":5},"nm":"Transform"}],"nm":"Group 1","np":4,"cix":2,"bm":0,"ix":1,"mn":"ADBE Vector Group","hd":false},{"ty":"gr","it":[{"ind":0,"ty":"sh","ix":1,"ks":{"a":0,"k":{"i":[[0,0],[-0.424,-0.321],[-0.233,-0.478],[0.731,-1.93],[0.825,-0.308],[0.693,0.888],[0.091,1.122],[-0.346,0.96],[-0.948,0.378]],"o":[[0.479,-0.229],[0.423,0.323],[0.903,1.856],[-0.312,0.824],[-1.055,0.395],[-0.693,-0.886],[-0.083,-1.016],[0.346,-0.959],[0,0]],"v":[[-0.406,-4.803],[1.092,-4.568],[2.027,-3.294],[2.525,2.706],[0.839,4.637],[-2.143,3.605],[-3.174,0.439],[-2.878,-2.583],[-0.889,-4.788]],"c":false},"ix":2},"nm":"Path 1","mn":"ADBE Vector Shape - Group","hd":false},{"ty":"fl","c":{"a":0,"k":[0.20202998741,0.592156862745,0.422336952359,1],"ix":4},"o":{"a":0,"k":100,"ix":5},"r":1,"bm":0,"nm":"Fill 1","mn":"ADBE Vector Graphic - Fill","hd":false},{"ty":"tr","p":{"a":0,"k":[7.971,26.832],"ix":2},"a":{"a":0,"k":[0,0],"ix":1},"s":{"a":0,"k":[100,100],"ix":3},"r":{"a":0,"k":0,"ix":6},"o":{"a":0,"k":100,"ix":7},"sk":{"a":0,"k":0,"ix":4},"sa":{"a":0,"k":0,"ix":5},"nm":"Transform"}],"nm":"Group 2","np":2,"cix":2,"bm":0,"ix":2,"mn":"ADBE Vector Group","hd":false},{"ty":"gr","it":[{"ind":0,"ty":"sh","ix":1,"ks":{"a":0,"k":{"i":[[0.028,0],[0.043,0.469],[-0.187,1.404],[-4.91,5.03],[-0.357,-0.349],[0.349,-0.358],[0.63,-4.728],[-0.117,-1.279],[0.498,-0.046]],"o":[[-0.462,0],[-0.131,-1.413],[0.682,-5.122],[0.349,-0.359],[0.358,0.35],[-4.632,4.746],[-0.169,1.269],[0.046,0.497],[-0.028,0.002]],"v":[[-4.114,10.366],[-5.014,9.545],[-4.928,5.3],[3.5,-10.001],[4.78,-10.017],[4.796,-8.737],[-3.134,5.539],[-3.212,9.379],[-4.03,10.363]],"c":true},"ix":2},"nm":"Path 1","mn":"ADBE Vector Shape - Group","hd":false},{"ty":"fl","c":{"a":0,"k":[0.435294117647,0.450980392157,0.062745098039,1],"ix":4},"o":{"a":0,"k":100,"ix":5},"r":1,"bm":0,"nm":"Fill 1","mn":"ADBE Vector Graphic - Fill","hd":false},{"ty":"tr","p":{"a":0,"k":[11.788,13.044],"ix":2},"a":{"a":0,"k":[0,0],"ix":1},"s":{"a":0,"k":[100,100],"ix":3},"r":{"a":0,"k":0,"ix":6},"o":{"a":0,"k":100,"ix":7},"sk":{"a":0,"k":0,"ix":4},"sa":{"a":0,"k":0,"ix":5},"nm":"Transform"}],"nm":"Group 3","np":2,"cix":2,"bm":0,"ix":3,"mn":"ADBE Vector Group","hd":false}],"ip":7,"op":107,"st":7,"bm":0},{"ddd":0,"ind":3,"ty":4,"nm":"leaf Outlines 13","sr":1,"ks":{"o":{"a":0,"k":100,"ix":11},"r":{"a":0,"k":76,"ix":10},"p":{"a":0,"k":[267.604,366.982,0],"ix":2,"l":2},"a":{"a":0,"k":[17.86,2.31,0],"ix":1,"l":2},"s":{"a":1,"k":[{"i":{"x":[0.833,0.833,0.833],"y":[1,1,1]},"o":{"x":[1,1,0.333],"y":[0,0,0]},"t":14,"s":[0,0,100]},{"i":{"x":[0.833,0.833,0.833],"y":[1,1,1]},"o":{"x":[0.167,0.167,0.167],"y":[0,0,0]},"t":37,"s":[209,209,100]},{"t":44,"s":[248,248,100]}],"ix":6,"l":2}},"ao":0,"shapes":[{"ty":"gr","it":[{"ind":0,"ty":"sh","ix":1,"ks":{"a":0,"k":{"i":[[0.195,0.049],[0.277,-0.767],[-0.089,-1.094],[-0.476,-0.61],[-0.689,0.26],[-0.271,0.718],[0.881,1.813],[0.293,0.223],[0.132,-0.059]],"o":[[-0.609,0.271],[-0.256,0.709],[0.099,1.221],[0.43,0.551],[0.465,-0.174],[0.586,-1.547],[-0.168,-0.343],[-0.181,-0.138],[-0.195,0.093]],"v":[[-0.59,-3.779],[-1.999,-2.132],[-2.245,0.511],[-1.402,3.193],[0.548,3.933],[1.706,2.53],[1.24,-2.756],[0.568,-3.705],[0.012,-3.842]],"c":true},"ix":2},"nm":"Path 1","mn":"ADBE Vector Shape - Group","hd":false},{"ind":1,"ty":"sh","ix":2,"ks":{"a":0,"k":{"i":[[0.363,0],[0.753,0.964],[0.128,1.588],[-0.347,0.961],[-1.126,0.451],[-0.177,-0.042],[-0.695,-0.529],[-0.245,-0.504],[0.761,-2.012],[0.966,-0.361]],"o":[[-1.082,0],[-0.703,-0.899],[-0.111,-1.362],[0.465,-1.292],[0.179,-0.072],[0.729,-0.291],[0.598,0.457],[1.099,2.258],[-0.463,1.223],[-0.34,0.128]],"v":[[0.12,5.817],[-2.829,4.306],[-4.049,0.658],[-3.702,-2.746],[-1.199,-5.487],[-0.654,-5.526],[1.665,-5.145],[2.867,-3.547],[3.398,3.171],[1.182,5.628]],"c":true},"ix":2},"nm":"Path 2","mn":"ADBE Vector Shape - Group","hd":false},{"ty":"mm","mm":1,"nm":"Merge Paths 1","mn":"ADBE Vector Filter - Merge","hd":false},{"ty":"fl","c":{"a":0,"k":[0.20202998741,0.592156862745,0.422336952359,1],"ix":4},"o":{"a":0,"k":100,"ix":5},"r":1,"bm":0,"nm":"Fill 1","mn":"ADBE Vector Graphic - Fill","hd":false},{"ty":"tr","p":{"a":0,"k":[7.944,26.689],"ix":2},"a":{"a":0,"k":[0,0],"ix":1},"s":{"a":0,"k":[100,100],"ix":3},"r":{"a":0,"k":0,"ix":6},"o":{"a":0,"k":100,"ix":7},"sk":{"a":0,"k":0,"ix":4},"sa":{"a":0,"k":0,"ix":5},"nm":"Transform"}],"nm":"Group 1","np":4,"cix":2,"bm":0,"ix":1,"mn":"ADBE Vector Group","hd":false},{"ty":"gr","it":[{"ind":0,"ty":"sh","ix":1,"ks":{"a":0,"k":{"i":[[0,0],[-0.424,-0.321],[-0.233,-0.478],[0.731,-1.93],[0.825,-0.308],[0.693,0.888],[0.091,1.122],[-0.346,0.96],[-0.948,0.378]],"o":[[0.479,-0.229],[0.423,0.323],[0.903,1.856],[-0.312,0.824],[-1.055,0.395],[-0.693,-0.886],[-0.083,-1.016],[0.346,-0.959],[0,0]],"v":[[-0.406,-4.803],[1.092,-4.568],[2.027,-3.294],[2.525,2.706],[0.839,4.637],[-2.143,3.605],[-3.174,0.439],[-2.878,-2.583],[-0.889,-4.788]],"c":false},"ix":2},"nm":"Path 1","mn":"ADBE Vector Shape - Group","hd":false},{"ty":"fl","c":{"a":0,"k":[0.20202998741,0.592156862745,0.422336952359,1],"ix":4},"o":{"a":0,"k":100,"ix":5},"r":1,"bm":0,"nm":"Fill 1","mn":"ADBE Vector Graphic - Fill","hd":false},{"ty":"tr","p":{"a":0,"k":[7.971,26.832],"ix":2},"a":{"a":0,"k":[0,0],"ix":1},"s":{"a":0,"k":[100,100],"ix":3},"r":{"a":0,"k":0,"ix":6},"o":{"a":0,"k":100,"ix":7},"sk":{"a":0,"k":0,"ix":4},"sa":{"a":0,"k":0,"ix":5},"nm":"Transform"}],"nm":"Group 2","np":2,"cix":2,"bm":0,"ix":2,"mn":"ADBE Vector Group","hd":false},{"ty":"gr","it":[{"ind":0,"ty":"sh","ix":1,"ks":{"a":0,"k":{"i":[[0.028,0],[0.043,0.469],[-0.187,1.404],[-4.91,5.03],[-0.357,-0.349],[0.349,-0.358],[0.63,-4.728],[-0.117,-1.279],[0.498,-0.046]],"o":[[-0.462,0],[-0.131,-1.413],[0.682,-5.122],[0.349,-0.359],[0.358,0.35],[-4.632,4.746],[-0.169,1.269],[0.046,0.497],[-0.028,0.002]],"v":[[-4.114,10.366],[-5.014,9.545],[-4.928,5.3],[3.5,-10.001],[4.78,-10.017],[4.796,-8.737],[-3.134,5.539],[-3.212,9.379],[-4.03,10.363]],"c":true},"ix":2},"nm":"Path 1","mn":"ADBE Vector Shape - Group","hd":false},{"ty":"fl","c":{"a":0,"k":[0.435294117647,0.450980392157,0.062745098039,1],"ix":4},"o":{"a":0,"k":100,"ix":5},"r":1,"bm":0,"nm":"Fill 1","mn":"ADBE Vector Graphic - Fill","hd":false},{"ty":"tr","p":{"a":0,"k":[11.788,13.044],"ix":2},"a":{"a":0,"k":[0,0],"ix":1},"s":{"a":0,"k":[100,100],"ix":3},"r":{"a":0,"k":0,"ix":6},"o":{"a":0,"k":100,"ix":7},"sk":{"a":0,"k":0,"ix":4},"sa":{"a":0,"k":0,"ix":5},"nm":"Transform"}],"nm":"Group 3","np":2,"cix":2,"bm":0,"ix":3,"mn":"ADBE Vector Group","hd":false}],"ip":14,"op":114,"st":14,"bm":0},{"ddd":0,"ind":4,"ty":4,"nm":"leaf Outlines 16","sr":1,"ks":{"o":{"a":0,"k":100,"ix":11},"r":{"a":0,"k":19,"ix":10},"p":{"a":0,"k":[198.604,532.982,0],"ix":2,"l":2},"a":{"a":0,"k":[17.86,2.31,0],"ix":1,"l":2},"s":{"a":1,"k":[{"i":{"x":[0.833,0.833,0.833],"y":[1,1,1]},"o":{"x":[1,1,0.333],"y":[0,0,0]},"t":9,"s":[0,0,100]},{"i":{"x":[0.833,0.833,0.833],"y":[1,1,1]},"o":{"x":[0.167,0.167,0.167],"y":[0,0,0]},"t":32,"s":[42.798,42.798,100]},{"t":43,"s":[185.798,185.798,100]}],"ix":6,"l":2}},"ao":0,"shapes":[{"ty":"gr","it":[{"ind":0,"ty":"sh","ix":1,"ks":{"a":0,"k":{"i":[[0.195,0.049],[0.277,-0.767],[-0.089,-1.094],[-0.476,-0.61],[-0.689,0.26],[-0.271,0.718],[0.881,1.813],[0.293,0.223],[0.132,-0.059]],"o":[[-0.609,0.271],[-0.256,0.709],[0.099,1.221],[0.43,0.551],[0.465,-0.174],[0.586,-1.547],[-0.168,-0.343],[-0.181,-0.138],[-0.195,0.093]],"v":[[-0.59,-3.779],[-1.999,-2.132],[-2.245,0.511],[-1.402,3.193],[0.548,3.933],[1.706,2.53],[1.24,-2.756],[0.568,-3.705],[0.012,-3.842]],"c":true},"ix":2},"nm":"Path 1","mn":"ADBE Vector Shape - Group","hd":false},{"ind":1,"ty":"sh","ix":2,"ks":{"a":0,"k":{"i":[[0.363,0],[0.753,0.964],[0.128,1.588],[-0.347,0.961],[-1.126,0.451],[-0.177,-0.042],[-0.695,-0.529],[-0.245,-0.504],[0.761,-2.012],[0.966,-0.361]],"o":[[-1.082,0],[-0.703,-0.899],[-0.111,-1.362],[0.465,-1.292],[0.179,-0.072],[0.729,-0.291],[0.598,0.457],[1.099,2.258],[-0.463,1.223],[-0.34,0.128]],"v":[[0.12,5.817],[-2.829,4.306],[-4.049,0.658],[-3.702,-2.746],[-1.199,-5.487],[-0.654,-5.526],[1.665,-5.145],[2.867,-3.547],[3.398,3.171],[1.182,5.628]],"c":true},"ix":2},"nm":"Path 2","mn":"ADBE Vector Shape - Group","hd":false},{"ty":"mm","mm":1,"nm":"Merge Paths 1","mn":"ADBE Vector Filter - Merge","hd":false},{"ty":"fl","c":{"a":0,"k":[0.20202998741,0.592156862745,0.422336952359,1],"ix":4},"o":{"a":0,"k":100,"ix":5},"r":1,"bm":0,"nm":"Fill 1","mn":"ADBE Vector Graphic - Fill","hd":false},{"ty":"tr","p":{"a":0,"k":[7.944,26.689],"ix":2},"a":{"a":0,"k":[0,0],"ix":1},"s":{"a":0,"k":[100,100],"ix":3},"r":{"a":0,"k":0,"ix":6},"o":{"a":0,"k":100,"ix":7},"sk":{"a":0,"k":0,"ix":4},"sa":{"a":0,"k":0,"ix":5},"nm":"Transform"}],"nm":"Group 1","np":4,"cix":2,"bm":0,"ix":1,"mn":"ADBE Vector Group","hd":false},{"ty":"gr","it":[{"ind":0,"ty":"sh","ix":1,"ks":{"a":0,"k":{"i":[[0,0],[-0.424,-0.321],[-0.233,-0.478],[0.731,-1.93],[0.825,-0.308],[0.693,0.888],[0.091,1.122],[-0.346,0.96],[-0.948,0.378]],"o":[[0.479,-0.229],[0.423,0.323],[0.903,1.856],[-0.312,0.824],[-1.055,0.395],[-0.693,-0.886],[-0.083,-1.016],[0.346,-0.959],[0,0]],"v":[[-0.406,-4.803],[1.092,-4.568],[2.027,-3.294],[2.525,2.706],[0.839,4.637],[-2.143,3.605],[-3.174,0.439],[-2.878,-2.583],[-0.889,-4.788]],"c":false},"ix":2},"nm":"Path 1","mn":"ADBE Vector Shape - Group","hd":false},{"ty":"fl","c":{"a":0,"k":[0.20202998741,0.592156862745,0.422336952359,1],"ix":4},"o":{"a":0,"k":100,"ix":5},"r":1,"bm":0,"nm":"Fill 1","mn":"ADBE Vector Graphic - Fill","hd":false},{"ty":"tr","p":{"a":0,"k":[7.971,26.832],"ix":2},"a":{"a":0,"k":[0,0],"ix":1},"s":{"a":0,"k":[100,100],"ix":3},"r":{"a":0,"k":0,"ix":6},"o":{"a":0,"k":100,"ix":7},"sk":{"a":0,"k":0,"ix":4},"sa":{"a":0,"k":0,"ix":5},"nm":"Transform"}],"nm":"Group 2","np":2,"cix":2,"bm":0,"ix":2,"mn":"ADBE Vector Group","hd":false},{"ty":"gr","it":[{"ind":0,"ty":"sh","ix":1,"ks":{"a":0,"k":{"i":[[0.028,0],[0.043,0.469],[-0.187,1.404],[-4.91,5.03],[-0.357,-0.349],[0.349,-0.358],[0.63,-4.728],[-0.117,-1.279],[0.498,-0.046]],"o":[[-0.462,0],[-0.131,-1.413],[0.682,-5.122],[0.349,-0.359],[0.358,0.35],[-4.632,4.746],[-0.169,1.269],[0.046,0.497],[-0.028,0.002]],"v":[[-4.114,10.366],[-5.014,9.545],[-4.928,5.3],[3.5,-10.001],[4.78,-10.017],[4.796,-8.737],[-3.134,5.539],[-3.212,9.379],[-4.03,10.363]],"c":true},"ix":2},"nm":"Path 1","mn":"ADBE Vector Shape - Group","hd":false},{"ty":"fl","c":{"a":0,"k":[0.435294117647,0.450980392157,0.062745098039,1],"ix":4},"o":{"a":0,"k":100,"ix":5},"r":1,"bm":0,"nm":"Fill 1","mn":"ADBE Vector Graphic - Fill","hd":false},{"ty":"tr","p":{"a":0,"k":[11.788,13.044],"ix":2},"a":{"a":0,"k":[0,0],"ix":1},"s":{"a":0,"k":[100,100],"ix":3},"r":{"a":0,"k":0,"ix":6},"o":{"a":0,"k":100,"ix":7},"sk":{"a":0,"k":0,"ix":4},"sa":{"a":0,"k":0,"ix":5},"nm":"Transform"}],"nm":"Group 3","np":2,"cix":2,"bm":0,"ix":3,"mn":"ADBE Vector Group","hd":false}],"ip":9,"op":109,"st":9,"bm":0},{"ddd":0,"ind":5,"ty":4,"nm":"leaf Outlines 7","parent":17,"sr":1,"ks":{"o":{"a":0,"k":100,"ix":11},"r":{"a":0,"k":19,"ix":10},"p":{"a":0,"k":[69.604,24.982,0],"ix":2,"l":2},"a":{"a":0,"k":[17.86,2.31,0],"ix":1,"l":2},"s":{"a":1,"k":[{"i":{"x":[0.833,0.833,0.833],"y":[1,1,1]},"o":{"x":[1,1,0.333],"y":[0,0,0]},"t":30,"s":[0,0,100]},{"t":53,"s":[42.798,42.798,100]}],"ix":6,"l":2}},"ao":0,"shapes":[{"ty":"gr","it":[{"ind":0,"ty":"sh","ix":1,"ks":{"a":0,"k":{"i":[[0.195,0.049],[0.277,-0.767],[-0.089,-1.094],[-0.476,-0.61],[-0.689,0.26],[-0.271,0.718],[0.881,1.813],[0.293,0.223],[0.132,-0.059]],"o":[[-0.609,0.271],[-0.256,0.709],[0.099,1.221],[0.43,0.551],[0.465,-0.174],[0.586,-1.547],[-0.168,-0.343],[-0.181,-0.138],[-0.195,0.093]],"v":[[-0.59,-3.779],[-1.999,-2.132],[-2.245,0.511],[-1.402,3.193],[0.548,3.933],[1.706,2.53],[1.24,-2.756],[0.568,-3.705],[0.012,-3.842]],"c":true},"ix":2},"nm":"Path 1","mn":"ADBE Vector Shape - Group","hd":false},{"ind":1,"ty":"sh","ix":2,"ks":{"a":0,"k":{"i":[[0.363,0],[0.753,0.964],[0.128,1.588],[-0.347,0.961],[-1.126,0.451],[-0.177,-0.042],[-0.695,-0.529],[-0.245,-0.504],[0.761,-2.012],[0.966,-0.361]],"o":[[-1.082,0],[-0.703,-0.899],[-0.111,-1.362],[0.465,-1.292],[0.179,-0.072],[0.729,-0.291],[0.598,0.457],[1.099,2.258],[-0.463,1.223],[-0.34,0.128]],"v":[[0.12,5.817],[-2.829,4.306],[-4.049,0.658],[-3.702,-2.746],[-1.199,-5.487],[-0.654,-5.526],[1.665,-5.145],[2.867,-3.547],[3.398,3.171],[1.182,5.628]],"c":true},"ix":2},"nm":"Path 2","mn":"ADBE Vector Shape - Group","hd":false},{"ty":"mm","mm":1,"nm":"Merge Paths 1","mn":"ADBE Vector Filter - Merge","hd":false},{"ty":"fl","c":{"a":0,"k":[0.20202998741,0.592156862745,0.422336952359,1],"ix":4},"o":{"a":0,"k":100,"ix":5},"r":1,"bm":0,"nm":"Fill 1","mn":"ADBE Vector Graphic - Fill","hd":false},{"ty":"tr","p":{"a":0,"k":[7.944,26.689],"ix":2},"a":{"a":0,"k":[0,0],"ix":1},"s":{"a":0,"k":[100,100],"ix":3},"r":{"a":0,"k":0,"ix":6},"o":{"a":0,"k":100,"ix":7},"sk":{"a":0,"k":0,"ix":4},"sa":{"a":0,"k":0,"ix":5},"nm":"Transform"}],"nm":"Group 1","np":4,"cix":2,"bm":0,"ix":1,"mn":"ADBE Vector Group","hd":false},{"ty":"gr","it":[{"ind":0,"ty":"sh","ix":1,"ks":{"a":0,"k":{"i":[[0,0],[-0.424,-0.321],[-0.233,-0.478],[0.731,-1.93],[0.825,-0.308],[0.693,0.888],[0.091,1.122],[-0.346,0.96],[-0.948,0.378]],"o":[[0.479,-0.229],[0.423,0.323],[0.903,1.856],[-0.312,0.824],[-1.055,0.395],[-0.693,-0.886],[-0.083,-1.016],[0.346,-0.959],[0,0]],"v":[[-0.406,-4.803],[1.092,-4.568],[2.027,-3.294],[2.525,2.706],[0.839,4.637],[-2.143,3.605],[-3.174,0.439],[-2.878,-2.583],[-0.889,-4.788]],"c":false},"ix":2},"nm":"Path 1","mn":"ADBE Vector Shape - Group","hd":false},{"ty":"fl","c":{"a":0,"k":[0.20202998741,0.592156862745,0.422336952359,1],"ix":4},"o":{"a":0,"k":100,"ix":5},"r":1,"bm":0,"nm":"Fill 1","mn":"ADBE Vector Graphic - Fill","hd":false},{"ty":"tr","p":{"a":0,"k":[7.971,26.832],"ix":2},"a":{"a":0,"k":[0,0],"ix":1},"s":{"a":0,"k":[100,100],"ix":3},"r":{"a":0,"k":0,"ix":6},"o":{"a":0,"k":100,"ix":7},"sk":{"a":0,"k":0,"ix":4},"sa":{"a":0,"k":0,"ix":5},"nm":"Transform"}],"nm":"Group 2","np":2,"cix":2,"bm":0,"ix":2,"mn":"ADBE Vector Group","hd":false},{"ty":"gr","it":[{"ind":0,"ty":"sh","ix":1,"ks":{"a":0,"k":{"i":[[0.028,0],[0.043,0.469],[-0.187,1.404],[-4.91,5.03],[-0.357,-0.349],[0.349,-0.358],[0.63,-4.728],[-0.117,-1.279],[0.498,-0.046]],"o":[[-0.462,0],[-0.131,-1.413],[0.682,-5.122],[0.349,-0.359],[0.358,0.35],[-4.632,4.746],[-0.169,1.269],[0.046,0.497],[-0.028,0.002]],"v":[[-4.114,10.366],[-5.014,9.545],[-4.928,5.3],[3.5,-10.001],[4.78,-10.017],[4.796,-8.737],[-3.134,5.539],[-3.212,9.379],[-4.03,10.363]],"c":true},"ix":2},"nm":"Path 1","mn":"ADBE Vector Shape - Group","hd":false},{"ty":"fl","c":{"a":0,"k":[0.435294117647,0.450980392157,0.062745098039,1],"ix":4},"o":{"a":0,"k":100,"ix":5},"r":1,"bm":0,"nm":"Fill 1","mn":"ADBE Vector Graphic - Fill","hd":false},{"ty":"tr","p":{"a":0,"k":[11.788,13.044],"ix":2},"a":{"a":0,"k":[0,0],"ix":1},"s":{"a":0,"k":[100,100],"ix":3},"r":{"a":0,"k":0,"ix":6},"o":{"a":0,"k":100,"ix":7},"sk":{"a":0,"k":0,"ix":4},"sa":{"a":0,"k":0,"ix":5},"nm":"Transform"}],"nm":"Group 3","np":2,"cix":2,"bm":0,"ix":3,"mn":"ADBE Vector Group","hd":false}],"ip":30,"op":130,"st":30,"bm":0},{"ddd":0,"ind":7,"ty":4,"nm":"leaf Outlines 6","parent":17,"sr":1,"ks":{"o":{"a":0,"k":100,"ix":11},"r":{"a":0,"k":-18,"ix":10},"p":{"a":0,"k":[71.248,19.371,0],"ix":2,"l":2},"a":{"a":0,"k":[17.86,2.31,0],"ix":1,"l":2},"s":{"a":1,"k":[{"i":{"x":[0.64,0.64,0.667],"y":[1.555,1.555,1]},"o":{"x":[1,1,0.333],"y":[0,0,0]},"t":27,"s":[0,0,100]},{"t":39,"s":[68.041,68.041,100]}],"ix":6,"l":2}},"ao":0,"shapes":[{"ty":"gr","it":[{"ind":0,"ty":"sh","ix":1,"ks":{"a":0,"k":{"i":[[0.195,0.049],[0.277,-0.767],[-0.089,-1.094],[-0.476,-0.61],[-0.689,0.26],[-0.271,0.718],[0.881,1.813],[0.293,0.223],[0.132,-0.059]],"o":[[-0.609,0.271],[-0.256,0.709],[0.099,1.221],[0.43,0.551],[0.465,-0.174],[0.586,-1.547],[-0.168,-0.343],[-0.181,-0.138],[-0.195,0.093]],"v":[[-0.59,-3.779],[-1.999,-2.132],[-2.245,0.511],[-1.402,3.193],[0.548,3.933],[1.706,2.53],[1.24,-2.756],[0.568,-3.705],[0.012,-3.842]],"c":true},"ix":2},"nm":"Path 1","mn":"ADBE Vector Shape - Group","hd":false},{"ind":1,"ty":"sh","ix":2,"ks":{"a":0,"k":{"i":[[0.363,0],[0.753,0.964],[0.128,1.588],[-0.347,0.961],[-1.126,0.451],[-0.177,-0.042],[-0.695,-0.529],[-0.245,-0.504],[0.761,-2.012],[0.966,-0.361]],"o":[[-1.082,0],[-0.703,-0.899],[-0.111,-1.362],[0.465,-1.292],[0.179,-0.072],[0.729,-0.291],[0.598,0.457],[1.099,2.258],[-0.463,1.223],[-0.34,0.128]],"v":[[0.12,5.817],[-2.829,4.306],[-4.049,0.658],[-3.702,-2.746],[-1.199,-5.487],[-0.654,-5.526],[1.665,-5.145],[2.867,-3.547],[3.398,3.171],[1.182,5.628]],"c":true},"ix":2},"nm":"Path 2","mn":"ADBE Vector Shape - Group","hd":false},{"ty":"mm","mm":1,"nm":"Merge Paths 1","mn":"ADBE Vector Filter - Merge","hd":false},{"ty":"fl","c":{"a":0,"k":[0.20202998741,0.592156862745,0.422336952359,1],"ix":4},"o":{"a":0,"k":100,"ix":5},"r":1,"bm":0,"nm":"Fill 1","mn":"ADBE Vector Graphic - Fill","hd":false},{"ty":"tr","p":{"a":0,"k":[7.944,26.689],"ix":2},"a":{"a":0,"k":[0,0],"ix":1},"s":{"a":0,"k":[100,100],"ix":3},"r":{"a":0,"k":0,"ix":6},"o":{"a":0,"k":100,"ix":7},"sk":{"a":0,"k":0,"ix":4},"sa":{"a":0,"k":0,"ix":5},"nm":"Transform"}],"nm":"Group 1","np":4,"cix":2,"bm":0,"ix":1,"mn":"ADBE Vector Group","hd":false},{"ty":"gr","it":[{"ind":0,"ty":"sh","ix":1,"ks":{"a":0,"k":{"i":[[0,0],[-0.424,-0.321],[-0.233,-0.478],[0.731,-1.93],[0.825,-0.308],[0.693,0.888],[0.091,1.122],[-0.346,0.96],[-0.948,0.378]],"o":[[0.479,-0.229],[0.423,0.323],[0.903,1.856],[-0.312,0.824],[-1.055,0.395],[-0.693,-0.886],[-0.083,-1.016],[0.346,-0.959],[0,0]],"v":[[-0.406,-4.803],[1.092,-4.568],[2.027,-3.294],[2.525,2.706],[0.839,4.637],[-2.143,3.605],[-3.174,0.439],[-2.878,-2.583],[-0.889,-4.788]],"c":false},"ix":2},"nm":"Path 1","mn":"ADBE Vector Shape - Group","hd":false},{"ty":"fl","c":{"a":0,"k":[0.20202998741,0.592156862745,0.422336952359,1],"ix":4},"o":{"a":0,"k":100,"ix":5},"r":1,"bm":0,"nm":"Fill 1","mn":"ADBE Vector Graphic - Fill","hd":false},{"ty":"tr","p":{"a":0,"k":[7.971,26.832],"ix":2},"a":{"a":0,"k":[0,0],"ix":1},"s":{"a":0,"k":[100,100],"ix":3},"r":{"a":0,"k":0,"ix":6},"o":{"a":0,"k":100,"ix":7},"sk":{"a":0,"k":0,"ix":4},"sa":{"a":0,"k":0,"ix":5},"nm":"Transform"}],"nm":"Group 2","np":2,"cix":2,"bm":0,"ix":2,"mn":"ADBE Vector Group","hd":false},{"ty":"gr","it":[{"ind":0,"ty":"sh","ix":1,"ks":{"a":0,"k":{"i":[[0.028,0],[0.043,0.469],[-0.187,1.404],[-4.91,5.03],[-0.357,-0.349],[0.349,-0.358],[0.63,-4.728],[-0.117,-1.279],[0.498,-0.046]],"o":[[-0.462,0],[-0.131,-1.413],[0.682,-5.122],[0.349,-0.359],[0.358,0.35],[-4.632,4.746],[-0.169,1.269],[0.046,0.497],[-0.028,0.002]],"v":[[-4.114,10.366],[-5.014,9.545],[-4.928,5.3],[3.5,-10.001],[4.78,-10.017],[4.796,-8.737],[-3.134,5.539],[-3.212,9.379],[-4.03,10.363]],"c":true},"ix":2},"nm":"Path 1","mn":"ADBE Vector Shape - Group","hd":false},{"ty":"fl","c":{"a":0,"k":[0.435294117647,0.450980392157,0.062745098039,1],"ix":4},"o":{"a":0,"k":100,"ix":5},"r":1,"bm":0,"nm":"Fill 1","mn":"ADBE Vector Graphic - Fill","hd":false},{"ty":"tr","p":{"a":0,"k":[11.788,13.044],"ix":2},"a":{"a":0,"k":[0,0],"ix":1},"s":{"a":0,"k":[100,100],"ix":3},"r":{"a":0,"k":0,"ix":6},"o":{"a":0,"k":100,"ix":7},"sk":{"a":0,"k":0,"ix":4},"sa":{"a":0,"k":0,"ix":5},"nm":"Transform"}],"nm":"Group 3","np":2,"cix":2,"bm":0,"ix":3,"mn":"ADBE Vector Group","hd":false}],"ip":27,"op":127,"st":27,"bm":0},{"ddd":0,"ind":8,"ty":4,"nm":"leaf Outlines 11","parent":17,"sr":1,"ks":{"o":{"a":0,"k":100,"ix":11},"r":{"a":0,"k":-99,"ix":10},"p":{"a":0,"k":[65.013,22.432,0],"ix":2,"l":2},"a":{"a":0,"k":[17.86,2.31,0],"ix":1,"l":2},"s":{"a":1,"k":[{"i":{"x":[0.694,0.694,0.667],"y":[1.557,1.557,1]},"o":{"x":[1,1,0.333],"y":[0,0,0]},"t":22,"s":[0,0,100]},{"t":40,"s":[-62.681,-62.681,100]}],"ix":6,"l":2}},"ao":0,"shapes":[{"ty":"gr","it":[{"ind":0,"ty":"sh","ix":1,"ks":{"a":0,"k":{"i":[[0.195,0.049],[0.277,-0.767],[-0.089,-1.094],[-0.476,-0.61],[-0.689,0.26],[-0.271,0.718],[0.881,1.813],[0.293,0.223],[0.132,-0.059]],"o":[[-0.609,0.271],[-0.256,0.709],[0.099,1.221],[0.43,0.551],[0.465,-0.174],[0.586,-1.547],[-0.168,-0.343],[-0.181,-0.138],[-0.195,0.093]],"v":[[-0.59,-3.779],[-1.999,-2.132],[-2.245,0.511],[-1.402,3.193],[0.548,3.933],[1.706,2.53],[1.24,-2.756],[0.568,-3.705],[0.012,-3.842]],"c":true},"ix":2},"nm":"Path 1","mn":"ADBE Vector Shape - Group","hd":false},{"ind":1,"ty":"sh","ix":2,"ks":{"a":0,"k":{"i":[[0.363,0],[0.753,0.964],[0.128,1.588],[-0.347,0.961],[-1.126,0.451],[-0.177,-0.042],[-0.695,-0.529],[-0.245,-0.504],[0.761,-2.012],[0.966,-0.361]],"o":[[-1.082,0],[-0.703,-0.899],[-0.111,-1.362],[0.465,-1.292],[0.179,-0.072],[0.729,-0.291],[0.598,0.457],[1.099,2.258],[-0.463,1.223],[-0.34,0.128]],"v":[[0.12,5.817],[-2.829,4.306],[-4.049,0.658],[-3.702,-2.746],[-1.199,-5.487],[-0.654,-5.526],[1.665,-5.145],[2.867,-3.547],[3.398,3.171],[1.182,5.628]],"c":true},"ix":2},"nm":"Path 2","mn":"ADBE Vector Shape - Group","hd":false},{"ty":"mm","mm":1,"nm":"Merge Paths 1","mn":"ADBE Vector Filter - Merge","hd":false},{"ty":"fl","c":{"a":0,"k":[0.20202998741,0.592156862745,0.422336952359,1],"ix":4},"o":{"a":0,"k":100,"ix":5},"r":1,"bm":0,"nm":"Fill 1","mn":"ADBE Vector Graphic - Fill","hd":false},{"ty":"tr","p":{"a":0,"k":[7.944,26.689],"ix":2},"a":{"a":0,"k":[0,0],"ix":1},"s":{"a":0,"k":[100,100],"ix":3},"r":{"a":0,"k":0,"ix":6},"o":{"a":0,"k":100,"ix":7},"sk":{"a":0,"k":0,"ix":4},"sa":{"a":0,"k":0,"ix":5},"nm":"Transform"}],"nm":"Group 1","np":4,"cix":2,"bm":0,"ix":1,"mn":"ADBE Vector Group","hd":false},{"ty":"gr","it":[{"ind":0,"ty":"sh","ix":1,"ks":{"a":0,"k":{"i":[[0,0],[-0.424,-0.321],[-0.233,-0.478],[0.731,-1.93],[0.825,-0.308],[0.693,0.888],[0.091,1.122],[-0.346,0.96],[-0.948,0.378]],"o":[[0.479,-0.229],[0.423,0.323],[0.903,1.856],[-0.312,0.824],[-1.055,0.395],[-0.693,-0.886],[-0.083,-1.016],[0.346,-0.959],[0,0]],"v":[[-0.406,-4.803],[1.092,-4.568],[2.027,-3.294],[2.525,2.706],[0.839,4.637],[-2.143,3.605],[-3.174,0.439],[-2.878,-2.583],[-0.889,-4.788]],"c":false},"ix":2},"nm":"Path 1","mn":"ADBE Vector Shape - Group","hd":false},{"ty":"fl","c":{"a":0,"k":[0.20202998741,0.592156862745,0.422336952359,1],"ix":4},"o":{"a":0,"k":100,"ix":5},"r":1,"bm":0,"nm":"Fill 1","mn":"ADBE Vector Graphic - Fill","hd":false},{"ty":"tr","p":{"a":0,"k":[7.971,26.832],"ix":2},"a":{"a":0,"k":[0,0],"ix":1},"s":{"a":0,"k":[100,100],"ix":3},"r":{"a":0,"k":0,"ix":6},"o":{"a":0,"k":100,"ix":7},"sk":{"a":0,"k":0,"ix":4},"sa":{"a":0,"k":0,"ix":5},"nm":"Transform"}],"nm":"Group 2","np":2,"cix":2,"bm":0,"ix":2,"mn":"ADBE Vector Group","hd":false},{"ty":"gr","it":[{"ind":0,"ty":"sh","ix":1,"ks":{"a":0,"k":{"i":[[0.028,0],[0.043,0.469],[-0.187,1.404],[-4.91,5.03],[-0.357,-0.349],[0.349,-0.358],[0.63,-4.728],[-0.117,-1.279],[0.498,-0.046]],"o":[[-0.462,0],[-0.131,-1.413],[0.682,-5.122],[0.349,-0.359],[0.358,0.35],[-4.632,4.746],[-0.169,1.269],[0.046,0.497],[-0.028,0.002]],"v":[[-4.114,10.366],[-5.014,9.545],[-4.928,5.3],[3.5,-10.001],[4.78,-10.017],[4.796,-8.737],[-3.134,5.539],[-3.212,9.379],[-4.03,10.363]],"c":true},"ix":2},"nm":"Path 1","mn":"ADBE Vector Shape - Group","hd":false},{"ty":"fl","c":{"a":0,"k":[0.435294117647,0.450980392157,0.062745098039,1],"ix":4},"o":{"a":0,"k":100,"ix":5},"r":1,"bm":0,"nm":"Fill 1","mn":"ADBE Vector Graphic - Fill","hd":false},{"ty":"tr","p":{"a":0,"k":[11.788,13.044],"ix":2},"a":{"a":0,"k":[0,0],"ix":1},"s":{"a":0,"k":[100,100],"ix":3},"r":{"a":0,"k":0,"ix":6},"o":{"a":0,"k":100,"ix":7},"sk":{"a":0,"k":0,"ix":4},"sa":{"a":0,"k":0,"ix":5},"nm":"Transform"}],"nm":"Group 3","np":2,"cix":2,"bm":0,"ix":3,"mn":"ADBE Vector Group","hd":false}],"ip":22,"op":122,"st":22,"bm":0},{"ddd":0,"ind":9,"ty":4,"nm":"leaf Outlines 5","parent":17,"sr":1,"ks":{"o":{"a":0,"k":100,"ix":11},"r":{"a":0,"k":-18,"ix":10},"p":{"a":0,"k":[57.305,23.565,0],"ix":2,"l":2},"a":{"a":0,"k":[17.86,2.31,0],"ix":1,"l":2},"s":{"a":1,"k":[{"i":{"x":[0.636,0.636,0.667],"y":[1.545,1.545,1]},"o":{"x":[1,1,0.333],"y":[0,0,0]},"t":22,"s":[0,0,100]},{"t":34,"s":[68.041,68.041,100]}],"ix":6,"l":2}},"ao":0,"shapes":[{"ty":"gr","it":[{"ind":0,"ty":"sh","ix":1,"ks":{"a":0,"k":{"i":[[0.195,0.049],[0.277,-0.767],[-0.089,-1.094],[-0.476,-0.61],[-0.689,0.26],[-0.271,0.718],[0.881,1.813],[0.293,0.223],[0.132,-0.059]],"o":[[-0.609,0.271],[-0.256,0.709],[0.099,1.221],[0.43,0.551],[0.465,-0.174],[0.586,-1.547],[-0.168,-0.343],[-0.181,-0.138],[-0.195,0.093]],"v":[[-0.59,-3.779],[-1.999,-2.132],[-2.245,0.511],[-1.402,3.193],[0.548,3.933],[1.706,2.53],[1.24,-2.756],[0.568,-3.705],[0.012,-3.842]],"c":true},"ix":2},"nm":"Path 1","mn":"ADBE Vector Shape - Group","hd":false},{"ind":1,"ty":"sh","ix":2,"ks":{"a":0,"k":{"i":[[0.363,0],[0.753,0.964],[0.128,1.588],[-0.347,0.961],[-1.126,0.451],[-0.177,-0.042],[-0.695,-0.529],[-0.245,-0.504],[0.761,-2.012],[0.966,-0.361]],"o":[[-1.082,0],[-0.703,-0.899],[-0.111,-1.362],[0.465,-1.292],[0.179,-0.072],[0.729,-0.291],[0.598,0.457],[1.099,2.258],[-0.463,1.223],[-0.34,0.128]],"v":[[0.12,5.817],[-2.829,4.306],[-4.049,0.658],[-3.702,-2.746],[-1.199,-5.487],[-0.654,-5.526],[1.665,-5.145],[2.867,-3.547],[3.398,3.171],[1.182,5.628]],"c":true},"ix":2},"nm":"Path 2","mn":"ADBE Vector Shape - Group","hd":false},{"ty":"mm","mm":1,"nm":"Merge Paths 1","mn":"ADBE Vector Filter - Merge","hd":false},{"ty":"fl","c":{"a":0,"k":[0.20202998741,0.592156862745,0.422336952359,1],"ix":4},"o":{"a":0,"k":100,"ix":5},"r":1,"bm":0,"nm":"Fill 1","mn":"ADBE Vector Graphic - Fill","hd":false},{"ty":"tr","p":{"a":0,"k":[7.944,26.689],"ix":2},"a":{"a":0,"k":[0,0],"ix":1},"s":{"a":0,"k":[100,100],"ix":3},"r":{"a":0,"k":0,"ix":6},"o":{"a":0,"k":100,"ix":7},"sk":{"a":0,"k":0,"ix":4},"sa":{"a":0,"k":0,"ix":5},"nm":"Transform"}],"nm":"Group 1","np":4,"cix":2,"bm":0,"ix":1,"mn":"ADBE Vector Group","hd":false},{"ty":"gr","it":[{"ind":0,"ty":"sh","ix":1,"ks":{"a":0,"k":{"i":[[0,0],[-0.424,-0.321],[-0.233,-0.478],[0.731,-1.93],[0.825,-0.308],[0.693,0.888],[0.091,1.122],[-0.346,0.96],[-0.948,0.378]],"o":[[0.479,-0.229],[0.423,0.323],[0.903,1.856],[-0.312,0.824],[-1.055,0.395],[-0.693,-0.886],[-0.083,-1.016],[0.346,-0.959],[0,0]],"v":[[-0.406,-4.803],[1.092,-4.568],[2.027,-3.294],[2.525,2.706],[0.839,4.637],[-2.143,3.605],[-3.174,0.439],[-2.878,-2.583],[-0.889,-4.788]],"c":false},"ix":2},"nm":"Path 1","mn":"ADBE Vector Shape - Group","hd":false},{"ty":"fl","c":{"a":0,"k":[0.20202998741,0.592156862745,0.422336952359,1],"ix":4},"o":{"a":0,"k":100,"ix":5},"r":1,"bm":0,"nm":"Fill 1","mn":"ADBE Vector Graphic - Fill","hd":false},{"ty":"tr","p":{"a":0,"k":[7.971,26.832],"ix":2},"a":{"a":0,"k":[0,0],"ix":1},"s":{"a":0,"k":[100,100],"ix":3},"r":{"a":0,"k":0,"ix":6},"o":{"a":0,"k":100,"ix":7},"sk":{"a":0,"k":0,"ix":4},"sa":{"a":0,"k":0,"ix":5},"nm":"Transform"}],"nm":"Group 2","np":2,"cix":2,"bm":0,"ix":2,"mn":"ADBE Vector Group","hd":false},{"ty":"gr","it":[{"ind":0,"ty":"sh","ix":1,"ks":{"a":0,"k":{"i":[[0.028,0],[0.043,0.469],[-0.187,1.404],[-4.91,5.03],[-0.357,-0.349],[0.349,-0.358],[0.63,-4.728],[-0.117,-1.279],[0.498,-0.046]],"o":[[-0.462,0],[-0.131,-1.413],[0.682,-5.122],[0.349,-0.359],[0.358,0.35],[-4.632,4.746],[-0.169,1.269],[0.046,0.497],[-0.028,0.002]],"v":[[-4.114,10.366],[-5.014,9.545],[-4.928,5.3],[3.5,-10.001],[4.78,-10.017],[4.796,-8.737],[-3.134,5.539],[-3.212,9.379],[-4.03,10.363]],"c":true},"ix":2},"nm":"Path 1","mn":"ADBE Vector Shape - Group","hd":false},{"ty":"fl","c":{"a":0,"k":[0.435294117647,0.450980392157,0.062745098039,1],"ix":4},"o":{"a":0,"k":100,"ix":5},"r":1,"bm":0,"nm":"Fill 1","mn":"ADBE Vector Graphic - Fill","hd":false},{"ty":"tr","p":{"a":0,"k":[11.788,13.044],"ix":2},"a":{"a":0,"k":[0,0],"ix":1},"s":{"a":0,"k":[100,100],"ix":3},"r":{"a":0,"k":0,"ix":6},"o":{"a":0,"k":100,"ix":7},"sk":{"a":0,"k":0,"ix":4},"sa":{"a":0,"k":0,"ix":5},"nm":"Transform"}],"nm":"Group 3","np":2,"cix":2,"bm":0,"ix":3,"mn":"ADBE Vector Group","hd":false}],"ip":22,"op":122,"st":22,"bm":0},{"ddd":0,"ind":10,"ty":4,"nm":"leaf Outlines 10","parent":17,"sr":1,"ks":{"o":{"a":0,"k":100,"ix":11},"r":{"a":0,"k":-118,"ix":10},"p":{"a":0,"k":[49.597,27.986,0],"ix":2,"l":2},"a":{"a":0,"k":[17.86,2.31,0],"ix":1,"l":2},"s":{"a":1,"k":[{"i":{"x":[0.692,0.692,0.667],"y":[1.547,1.547,1]},"o":{"x":[1,1,0.333],"y":[0,0,0]},"t":18,"s":[0,0,100]},{"t":36,"s":[-62.681,-62.681,100]}],"ix":6,"l":2}},"ao":0,"shapes":[{"ty":"gr","it":[{"ind":0,"ty":"sh","ix":1,"ks":{"a":0,"k":{"i":[[0.195,0.049],[0.277,-0.767],[-0.089,-1.094],[-0.476,-0.61],[-0.689,0.26],[-0.271,0.718],[0.881,1.813],[0.293,0.223],[0.132,-0.059]],"o":[[-0.609,0.271],[-0.256,0.709],[0.099,1.221],[0.43,0.551],[0.465,-0.174],[0.586,-1.547],[-0.168,-0.343],[-0.181,-0.138],[-0.195,0.093]],"v":[[-0.59,-3.779],[-1.999,-2.132],[-2.245,0.511],[-1.402,3.193],[0.548,3.933],[1.706,2.53],[1.24,-2.756],[0.568,-3.705],[0.012,-3.842]],"c":true},"ix":2},"nm":"Path 1","mn":"ADBE Vector Shape - Group","hd":false},{"ind":1,"ty":"sh","ix":2,"ks":{"a":0,"k":{"i":[[0.363,0],[0.753,0.964],[0.128,1.588],[-0.347,0.961],[-1.126,0.451],[-0.177,-0.042],[-0.695,-0.529],[-0.245,-0.504],[0.761,-2.012],[0.966,-0.361]],"o":[[-1.082,0],[-0.703,-0.899],[-0.111,-1.362],[0.465,-1.292],[0.179,-0.072],[0.729,-0.291],[0.598,0.457],[1.099,2.258],[-0.463,1.223],[-0.34,0.128]],"v":[[0.12,5.817],[-2.829,4.306],[-4.049,0.658],[-3.702,-2.746],[-1.199,-5.487],[-0.654,-5.526],[1.665,-5.145],[2.867,-3.547],[3.398,3.171],[1.182,5.628]],"c":true},"ix":2},"nm":"Path 2","mn":"ADBE Vector Shape - Group","hd":false},{"ty":"mm","mm":1,"nm":"Merge Paths 1","mn":"ADBE Vector Filter - Merge","hd":false},{"ty":"fl","c":{"a":0,"k":[0.20202998741,0.592156862745,0.422336952359,1],"ix":4},"o":{"a":0,"k":100,"ix":5},"r":1,"bm":0,"nm":"Fill 1","mn":"ADBE Vector Graphic - Fill","hd":false},{"ty":"tr","p":{"a":0,"k":[7.944,26.689],"ix":2},"a":{"a":0,"k":[0,0],"ix":1},"s":{"a":0,"k":[100,100],"ix":3},"r":{"a":0,"k":0,"ix":6},"o":{"a":0,"k":100,"ix":7},"sk":{"a":0,"k":0,"ix":4},"sa":{"a":0,"k":0,"ix":5},"nm":"Transform"}],"nm":"Group 1","np":4,"cix":2,"bm":0,"ix":1,"mn":"ADBE Vector Group","hd":false},{"ty":"gr","it":[{"ind":0,"ty":"sh","ix":1,"ks":{"a":0,"k":{"i":[[0,0],[-0.424,-0.321],[-0.233,-0.478],[0.731,-1.93],[0.825,-0.308],[0.693,0.888],[0.091,1.122],[-0.346,0.96],[-0.948,0.378]],"o":[[0.479,-0.229],[0.423,0.323],[0.903,1.856],[-0.312,0.824],[-1.055,0.395],[-0.693,-0.886],[-0.083,-1.016],[0.346,-0.959],[0,0]],"v":[[-0.406,-4.803],[1.092,-4.568],[2.027,-3.294],[2.525,2.706],[0.839,4.637],[-2.143,3.605],[-3.174,0.439],[-2.878,-2.583],[-0.889,-4.788]],"c":false},"ix":2},"nm":"Path 1","mn":"ADBE Vector Shape - Group","hd":false},{"ty":"fl","c":{"a":0,"k":[0.20202998741,0.592156862745,0.422336952359,1],"ix":4},"o":{"a":0,"k":100,"ix":5},"r":1,"bm":0,"nm":"Fill 1","mn":"ADBE Vector Graphic - Fill","hd":false},{"ty":"tr","p":{"a":0,"k":[7.971,26.832],"ix":2},"a":{"a":0,"k":[0,0],"ix":1},"s":{"a":0,"k":[100,100],"ix":3},"r":{"a":0,"k":0,"ix":6},"o":{"a":0,"k":100,"ix":7},"sk":{"a":0,"k":0,"ix":4},"sa":{"a":0,"k":0,"ix":5},"nm":"Transform"}],"nm":"Group 2","np":2,"cix":2,"bm":0,"ix":2,"mn":"ADBE Vector Group","hd":false},{"ty":"gr","it":[{"ind":0,"ty":"sh","ix":1,"ks":{"a":0,"k":{"i":[[0.028,0],[0.043,0.469],[-0.187,1.404],[-4.91,5.03],[-0.357,-0.349],[0.349,-0.358],[0.63,-4.728],[-0.117,-1.279],[0.498,-0.046]],"o":[[-0.462,0],[-0.131,-1.413],[0.682,-5.122],[0.349,-0.359],[0.358,0.35],[-4.632,4.746],[-0.169,1.269],[0.046,0.497],[-0.028,0.002]],"v":[[-4.114,10.366],[-5.014,9.545],[-4.928,5.3],[3.5,-10.001],[4.78,-10.017],[4.796,-8.737],[-3.134,5.539],[-3.212,9.379],[-4.03,10.363]],"c":true},"ix":2},"nm":"Path 1","mn":"ADBE Vector Shape - Group","hd":false},{"ty":"fl","c":{"a":0,"k":[0.435294117647,0.450980392157,0.062745098039,1],"ix":4},"o":{"a":0,"k":100,"ix":5},"r":1,"bm":0,"nm":"Fill 1","mn":"ADBE Vector Graphic - Fill","hd":false},{"ty":"tr","p":{"a":0,"k":[11.788,13.044],"ix":2},"a":{"a":0,"k":[0,0],"ix":1},"s":{"a":0,"k":[100,100],"ix":3},"r":{"a":0,"k":0,"ix":6},"o":{"a":0,"k":100,"ix":7},"sk":{"a":0,"k":0,"ix":4},"sa":{"a":0,"k":0,"ix":5},"nm":"Transform"}],"nm":"Group 3","np":2,"cix":2,"bm":0,"ix":3,"mn":"ADBE Vector Group","hd":false}],"ip":18,"op":118,"st":18,"bm":0},{"ddd":0,"ind":11,"ty":4,"nm":"leaf Outlines 4","parent":17,"sr":1,"ks":{"o":{"a":0,"k":100,"ix":11},"r":{"a":0,"k":-18,"ix":10},"p":{"a":0,"k":[43.022,30.367,0],"ix":2,"l":2},"a":{"a":0,"k":[17.86,2.31,0],"ix":1,"l":2},"s":{"a":1,"k":[{"i":{"x":[0.64,0.64,0.667],"y":[1.555,1.555,1]},"o":{"x":[1,1,0.333],"y":[0,0,0]},"t":18,"s":[0,0,100]},{"t":30,"s":[68.041,68.041,100]}],"ix":6,"l":2}},"ao":0,"shapes":[{"ty":"gr","it":[{"ind":0,"ty":"sh","ix":1,"ks":{"a":0,"k":{"i":[[0.195,0.049],[0.277,-0.767],[-0.089,-1.094],[-0.476,-0.61],[-0.689,0.26],[-0.271,0.718],[0.881,1.813],[0.293,0.223],[0.132,-0.059]],"o":[[-0.609,0.271],[-0.256,0.709],[0.099,1.221],[0.43,0.551],[0.465,-0.174],[0.586,-1.547],[-0.168,-0.343],[-0.181,-0.138],[-0.195,0.093]],"v":[[-0.59,-3.779],[-1.999,-2.132],[-2.245,0.511],[-1.402,3.193],[0.548,3.933],[1.706,2.53],[1.24,-2.756],[0.568,-3.705],[0.012,-3.842]],"c":true},"ix":2},"nm":"Path 1","mn":"ADBE Vector Shape - Group","hd":false},{"ind":1,"ty":"sh","ix":2,"ks":{"a":0,"k":{"i":[[0.363,0],[0.753,0.964],[0.128,1.588],[-0.347,0.961],[-1.126,0.451],[-0.177,-0.042],[-0.695,-0.529],[-0.245,-0.504],[0.761,-2.012],[0.966,-0.361]],"o":[[-1.082,0],[-0.703,-0.899],[-0.111,-1.362],[0.465,-1.292],[0.179,-0.072],[0.729,-0.291],[0.598,0.457],[1.099,2.258],[-0.463,1.223],[-0.34,0.128]],"v":[[0.12,5.817],[-2.829,4.306],[-4.049,0.658],[-3.702,-2.746],[-1.199,-5.487],[-0.654,-5.526],[1.665,-5.145],[2.867,-3.547],[3.398,3.171],[1.182,5.628]],"c":true},"ix":2},"nm":"Path 2","mn":"ADBE Vector Shape - Group","hd":false},{"ty":"mm","mm":1,"nm":"Merge Paths 1","mn":"ADBE Vector Filter - Merge","hd":false},{"ty":"fl","c":{"a":0,"k":[0.20202998741,0.592156862745,0.422336952359,1],"ix":4},"o":{"a":0,"k":100,"ix":5},"r":1,"bm":0,"nm":"Fill 1","mn":"ADBE Vector Graphic - Fill","hd":false},{"ty":"tr","p":{"a":0,"k":[7.944,26.689],"ix":2},"a":{"a":0,"k":[0,0],"ix":1},"s":{"a":0,"k":[100,100],"ix":3},"r":{"a":0,"k":0,"ix":6},"o":{"a":0,"k":100,"ix":7},"sk":{"a":0,"k":0,"ix":4},"sa":{"a":0,"k":0,"ix":5},"nm":"Transform"}],"nm":"Group 1","np":4,"cix":2,"bm":0,"ix":1,"mn":"ADBE Vector Group","hd":false},{"ty":"gr","it":[{"ind":0,"ty":"sh","ix":1,"ks":{"a":0,"k":{"i":[[0,0],[-0.424,-0.321],[-0.233,-0.478],[0.731,-1.93],[0.825,-0.308],[0.693,0.888],[0.091,1.122],[-0.346,0.96],[-0.948,0.378]],"o":[[0.479,-0.229],[0.423,0.323],[0.903,1.856],[-0.312,0.824],[-1.055,0.395],[-0.693,-0.886],[-0.083,-1.016],[0.346,-0.959],[0,0]],"v":[[-0.406,-4.803],[1.092,-4.568],[2.027,-3.294],[2.525,2.706],[0.839,4.637],[-2.143,3.605],[-3.174,0.439],[-2.878,-2.583],[-0.889,-4.788]],"c":false},"ix":2},"nm":"Path 1","mn":"ADBE Vector Shape - Group","hd":false},{"ty":"fl","c":{"a":0,"k":[0.20202998741,0.592156862745,0.422336952359,1],"ix":4},"o":{"a":0,"k":100,"ix":5},"r":1,"bm":0,"nm":"Fill 1","mn":"ADBE Vector Graphic - Fill","hd":false},{"ty":"tr","p":{"a":0,"k":[7.971,26.832],"ix":2},"a":{"a":0,"k":[0,0],"ix":1},"s":{"a":0,"k":[100,100],"ix":3},"r":{"a":0,"k":0,"ix":6},"o":{"a":0,"k":100,"ix":7},"sk":{"a":0,"k":0,"ix":4},"sa":{"a":0,"k":0,"ix":5},"nm":"Transform"}],"nm":"Group 2","np":2,"cix":2,"bm":0,"ix":2,"mn":"ADBE Vector Group","hd":false},{"ty":"gr","it":[{"ind":0,"ty":"sh","ix":1,"ks":{"a":0,"k":{"i":[[0.028,0],[0.043,0.469],[-0.187,1.404],[-4.91,5.03],[-0.357,-0.349],[0.349,-0.358],[0.63,-4.728],[-0.117,-1.279],[0.498,-0.046]],"o":[[-0.462,0],[-0.131,-1.413],[0.682,-5.122],[0.349,-0.359],[0.358,0.35],[-4.632,4.746],[-0.169,1.269],[0.046,0.497],[-0.028,0.002]],"v":[[-4.114,10.366],[-5.014,9.545],[-4.928,5.3],[3.5,-10.001],[4.78,-10.017],[4.796,-8.737],[-3.134,5.539],[-3.212,9.379],[-4.03,10.363]],"c":true},"ix":2},"nm":"Path 1","mn":"ADBE Vector Shape - Group","hd":false},{"ty":"fl","c":{"a":0,"k":[0.435294117647,0.450980392157,0.062745098039,1],"ix":4},"o":{"a":0,"k":100,"ix":5},"r":1,"bm":0,"nm":"Fill 1","mn":"ADBE Vector Graphic - Fill","hd":false},{"ty":"tr","p":{"a":0,"k":[11.788,13.044],"ix":2},"a":{"a":0,"k":[0,0],"ix":1},"s":{"a":0,"k":[100,100],"ix":3},"r":{"a":0,"k":0,"ix":6},"o":{"a":0,"k":100,"ix":7},"sk":{"a":0,"k":0,"ix":4},"sa":{"a":0,"k":0,"ix":5},"nm":"Transform"}],"nm":"Group 3","np":2,"cix":2,"bm":0,"ix":3,"mn":"ADBE Vector Group","hd":false}],"ip":18,"op":118,"st":18,"bm":0},{"ddd":0,"ind":12,"ty":4,"nm":"leaf Outlines 9","parent":17,"sr":1,"ks":{"o":{"a":0,"k":100,"ix":11},"r":{"a":0,"k":-118,"ix":10},"p":{"a":0,"k":[32.934,37.848,0],"ix":2,"l":2},"a":{"a":0,"k":[17.86,2.31,0],"ix":1,"l":2},"s":{"a":1,"k":[{"i":{"x":[0.692,0.692,0.667],"y":[1.547,1.547,1]},"o":{"x":[1,1,0.333],"y":[0,0,0]},"t":14,"s":[0,0,100]},{"t":32,"s":[-62.681,-62.681,100]}],"ix":6,"l":2}},"ao":0,"shapes":[{"ty":"gr","it":[{"ind":0,"ty":"sh","ix":1,"ks":{"a":0,"k":{"i":[[0.195,0.049],[0.277,-0.767],[-0.089,-1.094],[-0.476,-0.61],[-0.689,0.26],[-0.271,0.718],[0.881,1.813],[0.293,0.223],[0.132,-0.059]],"o":[[-0.609,0.271],[-0.256,0.709],[0.099,1.221],[0.43,0.551],[0.465,-0.174],[0.586,-1.547],[-0.168,-0.343],[-0.181,-0.138],[-0.195,0.093]],"v":[[-0.59,-3.779],[-1.999,-2.132],[-2.245,0.511],[-1.402,3.193],[0.548,3.933],[1.706,2.53],[1.24,-2.756],[0.568,-3.705],[0.012,-3.842]],"c":true},"ix":2},"nm":"Path 1","mn":"ADBE Vector Shape - Group","hd":false},{"ind":1,"ty":"sh","ix":2,"ks":{"a":0,"k":{"i":[[0.363,0],[0.753,0.964],[0.128,1.588],[-0.347,0.961],[-1.126,0.451],[-0.177,-0.042],[-0.695,-0.529],[-0.245,-0.504],[0.761,-2.012],[0.966,-0.361]],"o":[[-1.082,0],[-0.703,-0.899],[-0.111,-1.362],[0.465,-1.292],[0.179,-0.072],[0.729,-0.291],[0.598,0.457],[1.099,2.258],[-0.463,1.223],[-0.34,0.128]],"v":[[0.12,5.817],[-2.829,4.306],[-4.049,0.658],[-3.702,-2.746],[-1.199,-5.487],[-0.654,-5.526],[1.665,-5.145],[2.867,-3.547],[3.398,3.171],[1.182,5.628]],"c":true},"ix":2},"nm":"Path 2","mn":"ADBE Vector Shape - Group","hd":false},{"ty":"mm","mm":1,"nm":"Merge Paths 1","mn":"ADBE Vector Filter - Merge","hd":false},{"ty":"fl","c":{"a":0,"k":[0.20202998741,0.592156862745,0.422336952359,1],"ix":4},"o":{"a":0,"k":100,"ix":5},"r":1,"bm":0,"nm":"Fill 1","mn":"ADBE Vector Graphic - Fill","hd":false},{"ty":"tr","p":{"a":0,"k":[7.944,26.689],"ix":2},"a":{"a":0,"k":[0,0],"ix":1},"s":{"a":0,"k":[100,100],"ix":3},"r":{"a":0,"k":0,"ix":6},"o":{"a":0,"k":100,"ix":7},"sk":{"a":0,"k":0,"ix":4},"sa":{"a":0,"k":0,"ix":5},"nm":"Transform"}],"nm":"Group 1","np":4,"cix":2,"bm":0,"ix":1,"mn":"ADBE Vector Group","hd":false},{"ty":"gr","it":[{"ind":0,"ty":"sh","ix":1,"ks":{"a":0,"k":{"i":[[0,0],[-0.424,-0.321],[-0.233,-0.478],[0.731,-1.93],[0.825,-0.308],[0.693,0.888],[0.091,1.122],[-0.346,0.96],[-0.948,0.378]],"o":[[0.479,-0.229],[0.423,0.323],[0.903,1.856],[-0.312,0.824],[-1.055,0.395],[-0.693,-0.886],[-0.083,-1.016],[0.346,-0.959],[0,0]],"v":[[-0.406,-4.803],[1.092,-4.568],[2.027,-3.294],[2.525,2.706],[0.839,4.637],[-2.143,3.605],[-3.174,0.439],[-2.878,-2.583],[-0.889,-4.788]],"c":false},"ix":2},"nm":"Path 1","mn":"ADBE Vector Shape - Group","hd":false},{"ty":"fl","c":{"a":0,"k":[0.20202998741,0.592156862745,0.422336952359,1],"ix":4},"o":{"a":0,"k":100,"ix":5},"r":1,"bm":0,"nm":"Fill 1","mn":"ADBE Vector Graphic - Fill","hd":false},{"ty":"tr","p":{"a":0,"k":[7.971,26.832],"ix":2},"a":{"a":0,"k":[0,0],"ix":1},"s":{"a":0,"k":[100,100],"ix":3},"r":{"a":0,"k":0,"ix":6},"o":{"a":0,"k":100,"ix":7},"sk":{"a":0,"k":0,"ix":4},"sa":{"a":0,"k":0,"ix":5},"nm":"Transform"}],"nm":"Group 2","np":2,"cix":2,"bm":0,"ix":2,"mn":"ADBE Vector Group","hd":false},{"ty":"gr","it":[{"ind":0,"ty":"sh","ix":1,"ks":{"a":0,"k":{"i":[[0.028,0],[0.043,0.469],[-0.187,1.404],[-4.91,5.03],[-0.357,-0.349],[0.349,-0.358],[0.63,-4.728],[-0.117,-1.279],[0.498,-0.046]],"o":[[-0.462,0],[-0.131,-1.413],[0.682,-5.122],[0.349,-0.359],[0.358,0.35],[-4.632,4.746],[-0.169,1.269],[0.046,0.497],[-0.028,0.002]],"v":[[-4.114,10.366],[-5.014,9.545],[-4.928,5.3],[3.5,-10.001],[4.78,-10.017],[4.796,-8.737],[-3.134,5.539],[-3.212,9.379],[-4.03,10.363]],"c":true},"ix":2},"nm":"Path 1","mn":"ADBE Vector Shape - Group","hd":false},{"ty":"fl","c":{"a":0,"k":[0.435294117647,0.450980392157,0.062745098039,1],"ix":4},"o":{"a":0,"k":100,"ix":5},"r":1,"bm":0,"nm":"Fill 1","mn":"ADBE Vector Graphic - Fill","hd":false},{"ty":"tr","p":{"a":0,"k":[11.788,13.044],"ix":2},"a":{"a":0,"k":[0,0],"ix":1},"s":{"a":0,"k":[100,100],"ix":3},"r":{"a":0,"k":0,"ix":6},"o":{"a":0,"k":100,"ix":7},"sk":{"a":0,"k":0,"ix":4},"sa":{"a":0,"k":0,"ix":5},"nm":"Transform"}],"nm":"Group 3","np":2,"cix":2,"bm":0,"ix":3,"mn":"ADBE Vector Group","hd":false}],"ip":14,"op":114,"st":14,"bm":0},{"ddd":0,"ind":13,"ty":4,"nm":"leaf Outlines 3","parent":17,"sr":1,"ks":{"o":{"a":0,"k":100,"ix":11},"r":{"a":0,"k":-18,"ix":10},"p":{"a":0,"k":[29.646,39.095,0],"ix":2,"l":2},"a":{"a":0,"k":[17.86,2.31,0],"ix":1,"l":2},"s":{"a":1,"k":[{"i":{"x":[0.64,0.64,0.667],"y":[1.555,1.555,1]},"o":{"x":[1,1,0.333],"y":[0,0,0]},"t":14,"s":[0,0,100]},{"t":26,"s":[68.041,68.041,100]}],"ix":6,"l":2}},"ao":0,"shapes":[{"ty":"gr","it":[{"ind":0,"ty":"sh","ix":1,"ks":{"a":0,"k":{"i":[[0.195,0.049],[0.277,-0.767],[-0.089,-1.094],[-0.476,-0.61],[-0.689,0.26],[-0.271,0.718],[0.881,1.813],[0.293,0.223],[0.132,-0.059]],"o":[[-0.609,0.271],[-0.256,0.709],[0.099,1.221],[0.43,0.551],[0.465,-0.174],[0.586,-1.547],[-0.168,-0.343],[-0.181,-0.138],[-0.195,0.093]],"v":[[-0.59,-3.779],[-1.999,-2.132],[-2.245,0.511],[-1.402,3.193],[0.548,3.933],[1.706,2.53],[1.24,-2.756],[0.568,-3.705],[0.012,-3.842]],"c":true},"ix":2},"nm":"Path 1","mn":"ADBE Vector Shape - Group","hd":false},{"ind":1,"ty":"sh","ix":2,"ks":{"a":0,"k":{"i":[[0.363,0],[0.753,0.964],[0.128,1.588],[-0.347,0.961],[-1.126,0.451],[-0.177,-0.042],[-0.695,-0.529],[-0.245,-0.504],[0.761,-2.012],[0.966,-0.361]],"o":[[-1.082,0],[-0.703,-0.899],[-0.111,-1.362],[0.465,-1.292],[0.179,-0.072],[0.729,-0.291],[0.598,0.457],[1.099,2.258],[-0.463,1.223],[-0.34,0.128]],"v":[[0.12,5.817],[-2.829,4.306],[-4.049,0.658],[-3.702,-2.746],[-1.199,-5.487],[-0.654,-5.526],[1.665,-5.145],[2.867,-3.547],[3.398,3.171],[1.182,5.628]],"c":true},"ix":2},"nm":"Path 2","mn":"ADBE Vector Shape - Group","hd":false},{"ty":"mm","mm":1,"nm":"Merge Paths 1","mn":"ADBE Vector Filter - Merge","hd":false},{"ty":"fl","c":{"a":0,"k":[0.20202998741,0.592156862745,0.422336952359,1],"ix":4},"o":{"a":0,"k":100,"ix":5},"r":1,"bm":0,"nm":"Fill 1","mn":"ADBE Vector Graphic - Fill","hd":false},{"ty":"tr","p":{"a":0,"k":[7.944,26.689],"ix":2},"a":{"a":0,"k":[0,0],"ix":1},"s":{"a":0,"k":[100,100],"ix":3},"r":{"a":0,"k":0,"ix":6},"o":{"a":0,"k":100,"ix":7},"sk":{"a":0,"k":0,"ix":4},"sa":{"a":0,"k":0,"ix":5},"nm":"Transform"}],"nm":"Group 1","np":4,"cix":2,"bm":0,"ix":1,"mn":"ADBE Vector Group","hd":false},{"ty":"gr","it":[{"ind":0,"ty":"sh","ix":1,"ks":{"a":0,"k":{"i":[[0,0],[-0.424,-0.321],[-0.233,-0.478],[0.731,-1.93],[0.825,-0.308],[0.693,0.888],[0.091,1.122],[-0.346,0.96],[-0.948,0.378]],"o":[[0.479,-0.229],[0.423,0.323],[0.903,1.856],[-0.312,0.824],[-1.055,0.395],[-0.693,-0.886],[-0.083,-1.016],[0.346,-0.959],[0,0]],"v":[[-0.406,-4.803],[1.092,-4.568],[2.027,-3.294],[2.525,2.706],[0.839,4.637],[-2.143,3.605],[-3.174,0.439],[-2.878,-2.583],[-0.889,-4.788]],"c":false},"ix":2},"nm":"Path 1","mn":"ADBE Vector Shape - Group","hd":false},{"ty":"fl","c":{"a":0,"k":[0.20202998741,0.592156862745,0.422336952359,1],"ix":4},"o":{"a":0,"k":100,"ix":5},"r":1,"bm":0,"nm":"Fill 1","mn":"ADBE Vector Graphic - Fill","hd":false},{"ty":"tr","p":{"a":0,"k":[7.971,26.832],"ix":2},"a":{"a":0,"k":[0,0],"ix":1},"s":{"a":0,"k":[100,100],"ix":3},"r":{"a":0,"k":0,"ix":6},"o":{"a":0,"k":100,"ix":7},"sk":{"a":0,"k":0,"ix":4},"sa":{"a":0,"k":0,"ix":5},"nm":"Transform"}],"nm":"Group 2","np":2,"cix":2,"bm":0,"ix":2,"mn":"ADBE Vector Group","hd":false},{"ty":"gr","it":[{"ind":0,"ty":"sh","ix":1,"ks":{"a":0,"k":{"i":[[0.028,0],[0.043,0.469],[-0.187,1.404],[-4.91,5.03],[-0.357,-0.349],[0.349,-0.358],[0.63,-4.728],[-0.117,-1.279],[0.498,-0.046]],"o":[[-0.462,0],[-0.131,-1.413],[0.682,-5.122],[0.349,-0.359],[0.358,0.35],[-4.632,4.746],[-0.169,1.269],[0.046,0.497],[-0.028,0.002]],"v":[[-4.114,10.366],[-5.014,9.545],[-4.928,5.3],[3.5,-10.001],[4.78,-10.017],[4.796,-8.737],[-3.134,5.539],[-3.212,9.379],[-4.03,10.363]],"c":true},"ix":2},"nm":"Path 1","mn":"ADBE Vector Shape - Group","hd":false},{"ty":"fl","c":{"a":0,"k":[0.435294117647,0.450980392157,0.062745098039,1],"ix":4},"o":{"a":0,"k":100,"ix":5},"r":1,"bm":0,"nm":"Fill 1","mn":"ADBE Vector Graphic - Fill","hd":false},{"ty":"tr","p":{"a":0,"k":[11.788,13.044],"ix":2},"a":{"a":0,"k":[0,0],"ix":1},"s":{"a":0,"k":[100,100],"ix":3},"r":{"a":0,"k":0,"ix":6},"o":{"a":0,"k":100,"ix":7},"sk":{"a":0,"k":0,"ix":4},"sa":{"a":0,"k":0,"ix":5},"nm":"Transform"}],"nm":"Group 3","np":2,"cix":2,"bm":0,"ix":3,"mn":"ADBE Vector Group","hd":false}],"ip":14,"op":114,"st":14,"bm":0},{"ddd":0,"ind":14,"ty":4,"nm":"leaf Outlines 8","parent":17,"sr":1,"ks":{"o":{"a":0,"k":100,"ix":11},"r":{"a":0,"k":-141,"ix":10},"p":{"a":0,"k":[21.372,47.71,0],"ix":2,"l":2},"a":{"a":0,"k":[17.86,2.31,0],"ix":1,"l":2},"s":{"a":1,"k":[{"i":{"x":[0.692,0.692,0.667],"y":[1.547,1.547,1]},"o":{"x":[1,1,0.333],"y":[0,0,0]},"t":10,"s":[0,0,100]},{"t":28,"s":[-62.681,-62.681,100]}],"ix":6,"l":2}},"ao":0,"shapes":[{"ty":"gr","it":[{"ind":0,"ty":"sh","ix":1,"ks":{"a":0,"k":{"i":[[0.195,0.049],[0.277,-0.767],[-0.089,-1.094],[-0.476,-0.61],[-0.689,0.26],[-0.271,0.718],[0.881,1.813],[0.293,0.223],[0.132,-0.059]],"o":[[-0.609,0.271],[-0.256,0.709],[0.099,1.221],[0.43,0.551],[0.465,-0.174],[0.586,-1.547],[-0.168,-0.343],[-0.181,-0.138],[-0.195,0.093]],"v":[[-0.59,-3.779],[-1.999,-2.132],[-2.245,0.511],[-1.402,3.193],[0.548,3.933],[1.706,2.53],[1.24,-2.756],[0.568,-3.705],[0.012,-3.842]],"c":true},"ix":2},"nm":"Path 1","mn":"ADBE Vector Shape - Group","hd":false},{"ind":1,"ty":"sh","ix":2,"ks":{"a":0,"k":{"i":[[0.363,0],[0.753,0.964],[0.128,1.588],[-0.347,0.961],[-1.126,0.451],[-0.177,-0.042],[-0.695,-0.529],[-0.245,-0.504],[0.761,-2.012],[0.966,-0.361]],"o":[[-1.082,0],[-0.703,-0.899],[-0.111,-1.362],[0.465,-1.292],[0.179,-0.072],[0.729,-0.291],[0.598,0.457],[1.099,2.258],[-0.463,1.223],[-0.34,0.128]],"v":[[0.12,5.817],[-2.829,4.306],[-4.049,0.658],[-3.702,-2.746],[-1.199,-5.487],[-0.654,-5.526],[1.665,-5.145],[2.867,-3.547],[3.398,3.171],[1.182,5.628]],"c":true},"ix":2},"nm":"Path 2","mn":"ADBE Vector Shape - Group","hd":false},{"ty":"mm","mm":1,"nm":"Merge Paths 1","mn":"ADBE Vector Filter - Merge","hd":false},{"ty":"fl","c":{"a":0,"k":[0.20202998741,0.592156862745,0.422336952359,1],"ix":4},"o":{"a":0,"k":100,"ix":5},"r":1,"bm":0,"nm":"Fill 1","mn":"ADBE Vector Graphic - Fill","hd":false},{"ty":"tr","p":{"a":0,"k":[7.944,26.689],"ix":2},"a":{"a":0,"k":[0,0],"ix":1},"s":{"a":0,"k":[100,100],"ix":3},"r":{"a":0,"k":0,"ix":6},"o":{"a":0,"k":100,"ix":7},"sk":{"a":0,"k":0,"ix":4},"sa":{"a":0,"k":0,"ix":5},"nm":"Transform"}],"nm":"Group 1","np":4,"cix":2,"bm":0,"ix":1,"mn":"ADBE Vector Group","hd":false},{"ty":"gr","it":[{"ind":0,"ty":"sh","ix":1,"ks":{"a":0,"k":{"i":[[0,0],[-0.424,-0.321],[-0.233,-0.478],[0.731,-1.93],[0.825,-0.308],[0.693,0.888],[0.091,1.122],[-0.346,0.96],[-0.948,0.378]],"o":[[0.479,-0.229],[0.423,0.323],[0.903,1.856],[-0.312,0.824],[-1.055,0.395],[-0.693,-0.886],[-0.083,-1.016],[0.346,-0.959],[0,0]],"v":[[-0.406,-4.803],[1.092,-4.568],[2.027,-3.294],[2.525,2.706],[0.839,4.637],[-2.143,3.605],[-3.174,0.439],[-2.878,-2.583],[-0.889,-4.788]],"c":false},"ix":2},"nm":"Path 1","mn":"ADBE Vector Shape - Group","hd":false},{"ty":"fl","c":{"a":0,"k":[0.20202998741,0.592156862745,0.422336952359,1],"ix":4},"o":{"a":0,"k":100,"ix":5},"r":1,"bm":0,"nm":"Fill 1","mn":"ADBE Vector Graphic - Fill","hd":false},{"ty":"tr","p":{"a":0,"k":[7.971,26.832],"ix":2},"a":{"a":0,"k":[0,0],"ix":1},"s":{"a":0,"k":[100,100],"ix":3},"r":{"a":0,"k":0,"ix":6},"o":{"a":0,"k":100,"ix":7},"sk":{"a":0,"k":0,"ix":4},"sa":{"a":0,"k":0,"ix":5},"nm":"Transform"}],"nm":"Group 2","np":2,"cix":2,"bm":0,"ix":2,"mn":"ADBE Vector Group","hd":false},{"ty":"gr","it":[{"ind":0,"ty":"sh","ix":1,"ks":{"a":0,"k":{"i":[[0.028,0],[0.043,0.469],[-0.187,1.404],[-4.91,5.03],[-0.357,-0.349],[0.349,-0.358],[0.63,-4.728],[-0.117,-1.279],[0.498,-0.046]],"o":[[-0.462,0],[-0.131,-1.413],[0.682,-5.122],[0.349,-0.359],[0.358,0.35],[-4.632,4.746],[-0.169,1.269],[0.046,0.497],[-0.028,0.002]],"v":[[-4.114,10.366],[-5.014,9.545],[-4.928,5.3],[3.5,-10.001],[4.78,-10.017],[4.796,-8.737],[-3.134,5.539],[-3.212,9.379],[-4.03,10.363]],"c":true},"ix":2},"nm":"Path 1","mn":"ADBE Vector Shape - Group","hd":false},{"ty":"fl","c":{"a":0,"k":[0.435294117647,0.450980392157,0.062745098039,1],"ix":4},"o":{"a":0,"k":100,"ix":5},"r":1,"bm":0,"nm":"Fill 1","mn":"ADBE Vector Graphic - Fill","hd":false},{"ty":"tr","p":{"a":0,"k":[11.788,13.044],"ix":2},"a":{"a":0,"k":[0,0],"ix":1},"s":{"a":0,"k":[100,100],"ix":3},"r":{"a":0,"k":0,"ix":6},"o":{"a":0,"k":100,"ix":7},"sk":{"a":0,"k":0,"ix":4},"sa":{"a":0,"k":0,"ix":5},"nm":"Transform"}],"nm":"Group 3","np":2,"cix":2,"bm":0,"ix":3,"mn":"ADBE Vector Group","hd":false}],"ip":10,"op":110,"st":10,"bm":0},{"ddd":0,"ind":15,"ty":4,"nm":"leaf Outlines 2","parent":17,"sr":1,"ks":{"o":{"a":0,"k":100,"ix":11},"r":{"a":0,"k":-18,"ix":10},"p":{"a":0,"k":[18.651,49.864,0],"ix":2,"l":2},"a":{"a":0,"k":[17.86,2.31,0],"ix":1,"l":2},"s":{"a":1,"k":[{"i":{"x":[0.64,0.64,0.667],"y":[1.555,1.555,1]},"o":{"x":[1,1,0.333],"y":[0,0,0]},"t":10,"s":[0,0,100]},{"t":22,"s":[68.041,68.041,100]}],"ix":6,"l":2}},"ao":0,"shapes":[{"ty":"gr","it":[{"ind":0,"ty":"sh","ix":1,"ks":{"a":0,"k":{"i":[[0.195,0.049],[0.277,-0.767],[-0.089,-1.094],[-0.476,-0.61],[-0.689,0.26],[-0.271,0.718],[0.881,1.813],[0.293,0.223],[0.132,-0.059]],"o":[[-0.609,0.271],[-0.256,0.709],[0.099,1.221],[0.43,0.551],[0.465,-0.174],[0.586,-1.547],[-0.168,-0.343],[-0.181,-0.138],[-0.195,0.093]],"v":[[-0.59,-3.779],[-1.999,-2.132],[-2.245,0.511],[-1.402,3.193],[0.548,3.933],[1.706,2.53],[1.24,-2.756],[0.568,-3.705],[0.012,-3.842]],"c":true},"ix":2},"nm":"Path 1","mn":"ADBE Vector Shape - Group","hd":false},{"ind":1,"ty":"sh","ix":2,"ks":{"a":0,"k":{"i":[[0.363,0],[0.753,0.964],[0.128,1.588],[-0.347,0.961],[-1.126,0.451],[-0.177,-0.042],[-0.695,-0.529],[-0.245,-0.504],[0.761,-2.012],[0.966,-0.361]],"o":[[-1.082,0],[-0.703,-0.899],[-0.111,-1.362],[0.465,-1.292],[0.179,-0.072],[0.729,-0.291],[0.598,0.457],[1.099,2.258],[-0.463,1.223],[-0.34,0.128]],"v":[[0.12,5.817],[-2.829,4.306],[-4.049,0.658],[-3.702,-2.746],[-1.199,-5.487],[-0.654,-5.526],[1.665,-5.145],[2.867,-3.547],[3.398,3.171],[1.182,5.628]],"c":true},"ix":2},"nm":"Path 2","mn":"ADBE Vector Shape - Group","hd":false},{"ty":"mm","mm":1,"nm":"Merge Paths 1","mn":"ADBE Vector Filter - Merge","hd":false},{"ty":"fl","c":{"a":0,"k":[0.20202998741,0.592156862745,0.422336952359,1],"ix":4},"o":{"a":0,"k":100,"ix":5},"r":1,"bm":0,"nm":"Fill 1","mn":"ADBE Vector Graphic - Fill","hd":false},{"ty":"tr","p":{"a":0,"k":[7.944,26.689],"ix":2},"a":{"a":0,"k":[0,0],"ix":1},"s":{"a":0,"k":[100,100],"ix":3},"r":{"a":0,"k":0,"ix":6},"o":{"a":0,"k":100,"ix":7},"sk":{"a":0,"k":0,"ix":4},"sa":{"a":0,"k":0,"ix":5},"nm":"Transform"}],"nm":"Group 1","np":4,"cix":2,"bm":0,"ix":1,"mn":"ADBE Vector Group","hd":false},{"ty":"gr","it":[{"ind":0,"ty":"sh","ix":1,"ks":{"a":0,"k":{"i":[[0,0],[-0.424,-0.321],[-0.233,-0.478],[0.731,-1.93],[0.825,-0.308],[0.693,0.888],[0.091,1.122],[-0.346,0.96],[-0.948,0.378]],"o":[[0.479,-0.229],[0.423,0.323],[0.903,1.856],[-0.312,0.824],[-1.055,0.395],[-0.693,-0.886],[-0.083,-1.016],[0.346,-0.959],[0,0]],"v":[[-0.406,-4.803],[1.092,-4.568],[2.027,-3.294],[2.525,2.706],[0.839,4.637],[-2.143,3.605],[-3.174,0.439],[-2.878,-2.583],[-0.889,-4.788]],"c":false},"ix":2},"nm":"Path 1","mn":"ADBE Vector Shape - Group","hd":false},{"ty":"fl","c":{"a":0,"k":[0.20202998741,0.592156862745,0.422336952359,1],"ix":4},"o":{"a":0,"k":100,"ix":5},"r":1,"bm":0,"nm":"Fill 1","mn":"ADBE Vector Graphic - Fill","hd":false},{"ty":"tr","p":{"a":0,"k":[7.971,26.832],"ix":2},"a":{"a":0,"k":[0,0],"ix":1},"s":{"a":0,"k":[100,100],"ix":3},"r":{"a":0,"k":0,"ix":6},"o":{"a":0,"k":100,"ix":7},"sk":{"a":0,"k":0,"ix":4},"sa":{"a":0,"k":0,"ix":5},"nm":"Transform"}],"nm":"Group 2","np":2,"cix":2,"bm":0,"ix":2,"mn":"ADBE Vector Group","hd":false},{"ty":"gr","it":[{"ind":0,"ty":"sh","ix":1,"ks":{"a":0,"k":{"i":[[0.028,0],[0.043,0.469],[-0.187,1.404],[-4.91,5.03],[-0.357,-0.349],[0.349,-0.358],[0.63,-4.728],[-0.117,-1.279],[0.498,-0.046]],"o":[[-0.462,0],[-0.131,-1.413],[0.682,-5.122],[0.349,-0.359],[0.358,0.35],[-4.632,4.746],[-0.169,1.269],[0.046,0.497],[-0.028,0.002]],"v":[[-4.114,10.366],[-5.014,9.545],[-4.928,5.3],[3.5,-10.001],[4.78,-10.017],[4.796,-8.737],[-3.134,5.539],[-3.212,9.379],[-4.03,10.363]],"c":true},"ix":2},"nm":"Path 1","mn":"ADBE Vector Shape - Group","hd":false},{"ty":"fl","c":{"a":0,"k":[0.435294117647,0.450980392157,0.062745098039,1],"ix":4},"o":{"a":0,"k":100,"ix":5},"r":1,"bm":0,"nm":"Fill 1","mn":"ADBE Vector Graphic - Fill","hd":false},{"ty":"tr","p":{"a":0,"k":[11.788,13.044],"ix":2},"a":{"a":0,"k":[0,0],"ix":1},"s":{"a":0,"k":[100,100],"ix":3},"r":{"a":0,"k":0,"ix":6},"o":{"a":0,"k":100,"ix":7},"sk":{"a":0,"k":0,"ix":4},"sa":{"a":0,"k":0,"ix":5},"nm":"Transform"}],"nm":"Group 3","np":2,"cix":2,"bm":0,"ix":3,"mn":"ADBE Vector Group","hd":false}],"ip":10,"op":110,"st":10,"bm":0},{"ddd":0,"ind":16,"ty":4,"nm":"leaf Outlines","parent":17,"sr":1,"ks":{"o":{"a":0,"k":100,"ix":11},"r":{"a":0,"k":-19,"ix":10},"p":{"a":0,"k":[10.376,60.519,0],"ix":2,"l":2},"a":{"a":0,"k":[17.86,2.31,0],"ix":1,"l":2},"s":{"a":1,"k":[{"i":{"x":[0.636,0.636,0.667],"y":[1.545,1.545,1]},"o":{"x":[1,1,0.333],"y":[0,0,0]},"t":8,"s":[0,0,100]},{"t":20,"s":[68.041,68.041,100]}],"ix":6,"l":2}},"ao":0,"shapes":[{"ty":"gr","it":[{"ind":0,"ty":"sh","ix":1,"ks":{"a":0,"k":{"i":[[0.195,0.049],[0.277,-0.767],[-0.089,-1.094],[-0.476,-0.61],[-0.689,0.26],[-0.271,0.718],[0.881,1.813],[0.293,0.223],[0.132,-0.059]],"o":[[-0.609,0.271],[-0.256,0.709],[0.099,1.221],[0.43,0.551],[0.465,-0.174],[0.586,-1.547],[-0.168,-0.343],[-0.181,-0.138],[-0.195,0.093]],"v":[[-0.59,-3.779],[-1.999,-2.132],[-2.245,0.511],[-1.402,3.193],[0.548,3.933],[1.706,2.53],[1.24,-2.756],[0.568,-3.705],[0.012,-3.842]],"c":true},"ix":2},"nm":"Path 1","mn":"ADBE Vector Shape - Group","hd":false},{"ind":1,"ty":"sh","ix":2,"ks":{"a":0,"k":{"i":[[0.363,0],[0.753,0.964],[0.128,1.588],[-0.347,0.961],[-1.126,0.451],[-0.177,-0.042],[-0.695,-0.529],[-0.245,-0.504],[0.761,-2.012],[0.966,-0.361]],"o":[[-1.082,0],[-0.703,-0.899],[-0.111,-1.362],[0.465,-1.292],[0.179,-0.072],[0.729,-0.291],[0.598,0.457],[1.099,2.258],[-0.463,1.223],[-0.34,0.128]],"v":[[0.12,5.817],[-2.829,4.306],[-4.049,0.658],[-3.702,-2.746],[-1.199,-5.487],[-0.654,-5.526],[1.665,-5.145],[2.867,-3.547],[3.398,3.171],[1.182,5.628]],"c":true},"ix":2},"nm":"Path 2","mn":"ADBE Vector Shape - Group","hd":false},{"ty":"mm","mm":1,"nm":"Merge Paths 1","mn":"ADBE Vector Filter - Merge","hd":false},{"ty":"fl","c":{"a":0,"k":[0.20202998741,0.592156862745,0.422336952359,1],"ix":4},"o":{"a":0,"k":100,"ix":5},"r":1,"bm":0,"nm":"Fill 1","mn":"ADBE Vector Graphic - Fill","hd":false},{"ty":"tr","p":{"a":0,"k":[7.944,26.689],"ix":2},"a":{"a":0,"k":[0,0],"ix":1},"s":{"a":0,"k":[100,100],"ix":3},"r":{"a":0,"k":0,"ix":6},"o":{"a":0,"k":100,"ix":7},"sk":{"a":0,"k":0,"ix":4},"sa":{"a":0,"k":0,"ix":5},"nm":"Transform"}],"nm":"Group 1","np":4,"cix":2,"bm":0,"ix":1,"mn":"ADBE Vector Group","hd":false},{"ty":"gr","it":[{"ind":0,"ty":"sh","ix":1,"ks":{"a":0,"k":{"i":[[0,0],[-0.424,-0.321],[-0.233,-0.478],[0.731,-1.93],[0.825,-0.308],[0.693,0.888],[0.091,1.122],[-0.346,0.96],[-0.948,0.378]],"o":[[0.479,-0.229],[0.423,0.323],[0.903,1.856],[-0.312,0.824],[-1.055,0.395],[-0.693,-0.886],[-0.083,-1.016],[0.346,-0.959],[0,0]],"v":[[-0.406,-4.803],[1.092,-4.568],[2.027,-3.294],[2.525,2.706],[0.839,4.637],[-2.143,3.605],[-3.174,0.439],[-2.878,-2.583],[-0.889,-4.788]],"c":false},"ix":2},"nm":"Path 1","mn":"ADBE Vector Shape - Group","hd":false},{"ty":"fl","c":{"a":0,"k":[0.20202998741,0.592156862745,0.422336952359,1],"ix":4},"o":{"a":0,"k":100,"ix":5},"r":1,"bm":0,"nm":"Fill 1","mn":"ADBE Vector Graphic - Fill","hd":false},{"ty":"tr","p":{"a":0,"k":[7.971,26.832],"ix":2},"a":{"a":0,"k":[0,0],"ix":1},"s":{"a":0,"k":[100,100],"ix":3},"r":{"a":0,"k":0,"ix":6},"o":{"a":0,"k":100,"ix":7},"sk":{"a":0,"k":0,"ix":4},"sa":{"a":0,"k":0,"ix":5},"nm":"Transform"}],"nm":"Group 2","np":2,"cix":2,"bm":0,"ix":2,"mn":"ADBE Vector Group","hd":false},{"ty":"gr","it":[{"ind":0,"ty":"sh","ix":1,"ks":{"a":0,"k":{"i":[[0.028,0],[0.043,0.469],[-0.187,1.404],[-4.91,5.03],[-0.357,-0.349],[0.349,-0.358],[0.63,-4.728],[-0.117,-1.279],[0.498,-0.046]],"o":[[-0.462,0],[-0.131,-1.413],[0.682,-5.122],[0.349,-0.359],[0.358,0.35],[-4.632,4.746],[-0.169,1.269],[0.046,0.497],[-0.028,0.002]],"v":[[-4.114,10.366],[-5.014,9.545],[-4.928,5.3],[3.5,-10.001],[4.78,-10.017],[4.796,-8.737],[-3.134,5.539],[-3.212,9.379],[-4.03,10.363]],"c":true},"ix":2},"nm":"Path 1","mn":"ADBE Vector Shape - Group","hd":false},{"ty":"fl","c":{"a":0,"k":[0.435294117647,0.450980392157,0.062745098039,1],"ix":4},"o":{"a":0,"k":100,"ix":5},"r":1,"bm":0,"nm":"Fill 1","mn":"ADBE Vector Graphic - Fill","hd":false},{"ty":"tr","p":{"a":0,"k":[11.788,13.044],"ix":2},"a":{"a":0,"k":[0,0],"ix":1},"s":{"a":0,"k":[100,100],"ix":3},"r":{"a":0,"k":0,"ix":6},"o":{"a":0,"k":100,"ix":7},"sk":{"a":0,"k":0,"ix":4},"sa":{"a":0,"k":0,"ix":5},"nm":"Transform"}],"nm":"Group 3","np":2,"cix":2,"bm":0,"ix":3,"mn":"ADBE Vector Group","hd":false}],"ip":8,"op":108,"st":8,"bm":0},{"ddd":0,"ind":17,"ty":4,"nm":"branch Outlines","sr":1,"ks":{"o":{"a":0,"k":100,"ix":11},"r":{"a":1,"k":[{"i":{"x":[0],"y":[1]},"o":{"x":[1],"y":[0.158]},"t":0,"s":[0]},{"i":{"x":[0.34],"y":[0.837]},"o":{"x":[0.132],"y":[2.543]},"t":9,"s":[7]},{"t":26,"s":[0]}],"ix":10},"p":{"a":0,"k":[950,34,0],"ix":2,"l":2},"a":{"a":0,"k":[92.785,10.869,0],"ix":1,"l":2},"s":{"a":1,"k":[{"i":{"x":[0.833,0.833,0.833],"y":[0.833,0.833,0.833]},"o":{"x":[0.167,0.167,0.167],"y":[0.167,0.167,0.167]},"t":0,"s":[0,0,100]},{"t":7,"s":[882.185,882.185,100]}],"ix":6,"l":2}},"ao":0,"shapes":[{"ty":"gr","it":[{"ind":0,"ty":"sh","ix":1,"ks":{"a":0,"k":{"i":[[0.207,0],[0.1,0.062],[-0.177,0.288],[-14.068,7.76],[-6.345,2.198],[-2.856,0.681],[-3.492,0.988],[-4.371,3.283],[-0.203,-0.271],[0.271,-0.203],[4.278,-1.211],[3.733,-0.891],[2.489,-0.862],[5.49,-3.027],[7.554,-12.407]],"o":[[-0.108,0],[-0.289,-0.176],[7.664,-12.59],[5.551,-3.063],[2.517,-0.872],[3.717,-0.887],[4.174,-1.181],[0.271,-0.203],[0.203,0.27],[-4.533,3.405],[-3.511,0.994],[-2.797,0.667],[-6.28,2.176],[-13.881,7.658],[-0.115,0.191]],"v":[[-41.755,25.811],[-42.073,25.721],[-42.277,24.88],[-9.058,-6.228],[8.87,-14.156],[17.095,-16.698],[27.495,-19.366],[41.393,-25.607],[42.251,-25.486],[42.129,-24.629],[27.828,-18.187],[17.379,-15.506],[9.272,-12.999],[-8.466,-5.156],[-41.231,25.516]],"c":true},"ix":2},"nm":"Path 1","mn":"ADBE Vector Shape - Group","hd":false},{"ty":"fl","c":{"a":0,"k":[0.437248110304,0.450980392157,0.061899267458,1],"ix":4},"o":{"a":0,"k":100,"ix":5},"r":1,"bm":0,"nm":"Fill 1","mn":"ADBE Vector Graphic - Fill","hd":false},{"ty":"tr","p":{"a":0,"k":[51.213,36.537],"ix":2},"a":{"a":0,"k":[0,0],"ix":1},"s":{"a":0,"k":[100,100],"ix":3},"r":{"a":0,"k":0,"ix":6},"o":{"a":0,"k":100,"ix":7},"sk":{"a":0,"k":0,"ix":4},"sa":{"a":0,"k":0,"ix":5},"nm":"Transform"}],"nm":"Group 1","np":2,"cix":2,"bm":0,"ix":1,"mn":"ADBE Vector Group","hd":false}],"ip":0,"op":100,"st":0,"bm":0}]}],"layers":[{"ddd":0,"ind":1,"ty":0,"nm":"leaf","refId":"comp_0","sr":1,"ks":{"o":{"a":0,"k":30,"ix":11},"r":{"a":0,"k":0,"ix":10},"p":{"a":0,"k":[402,106,0],"ix":2,"l":2},"a":{"a":0,"k":[1001.205,4.819,0],"ix":1,"l":2},"s":{"a":0,"k":[-59.578,59.358,100],"ix":6,"l":2}},"ao":0,"ef":[{"ty":29,"nm":"Gaussian Blur","np":5,"mn":"ADBE Gaussian Blur 2","ix":1,"en":1,"ef":[{"ty":0,"nm":"Blurriness","mn":"ADBE Gaussian Blur 2-0001","ix":1,"v":{"a":0,"k":28.6,"ix":1}},{"ty":7,"nm":"Blur Dimensions","mn":"ADBE Gaussian Blur 2-0002","ix":2,"v":{"a":0,"k":1,"ix":2}},{"ty":7,"nm":"Repeat Edge Pixels","mn":"ADBE Gaussian Blur 2-0003","ix":3,"v":{"a":0,"k":0,"ix":3}}]}],"w":1000,"h":800,"ip":2,"op":102,"st":2,"bm":0},{"ddd":0,"ind":2,"ty":0,"nm":"leaf","refId":"comp_0","sr":1,"ks":{"o":{"a":0,"k":100,"ix":11},"r":{"a":0,"k":0,"ix":10},"p":{"a":0,"k":[400,100,0],"ix":2,"l":2},"a":{"a":0,"k":[1001.205,4.819,0],"ix":1,"l":2},"s":{"a":0,"k":[-59.578,59.358,100],"ix":6,"l":2}},"ao":0,"w":1000,"h":800,"ip":2,"op":102,"st":2,"bm":0},{"ddd":0,"ind":3,"ty":0,"nm":"leaf","refId":"comp_0","sr":1,"ks":{"o":{"a":0,"k":30,"ix":11},"r":{"a":0,"k":0,"ix":10},"p":{"a":0,"k":[582,108,0],"ix":2,"l":2},"a":{"a":0,"k":[1001.205,4.819,0],"ix":1,"l":2},"s":{"a":0,"k":[59.167,59.167,100],"ix":6,"l":2}},"ao":0,"ef":[{"ty":29,"nm":"Gaussian Blur","np":5,"mn":"ADBE Gaussian Blur 2","ix":1,"en":1,"ef":[{"ty":0,"nm":"Blurriness","mn":"ADBE Gaussian Blur 2-0001","ix":1,"v":{"a":0,"k":28.6,"ix":1}},{"ty":7,"nm":"Blur Dimensions","mn":"ADBE Gaussian Blur 2-0002","ix":2,"v":{"a":0,"k":1,"ix":2}},{"ty":7,"nm":"Repeat Edge Pixels","mn":"ADBE Gaussian Blur 2-0003","ix":3,"v":{"a":0,"k":0,"ix":3}}]}],"w":1000,"h":800,"ip":0,"op":100,"st":0,"bm":0},{"ddd":0,"ind":4,"ty":0,"nm":"leaf","refId":"comp_0","sr":1,"ks":{"o":{"a":0,"k":100,"ix":11},"r":{"a":0,"k":0,"ix":10},"p":{"a":0,"k":[588,100,0],"ix":2,"l":2},"a":{"a":0,"k":[1001.205,4.819,0],"ix":1,"l":2},"s":{"a":0,"k":[59.167,59.167,100],"ix":6,"l":2}},"ao":0,"w":1000,"h":800,"ip":0,"op":100,"st":0,"bm":0}],"markers":[]}