{"v":"5.5.7","meta":{"g":"LottieFiles AE 0.1.21","a":"","k":"","d":"","tc":""},"fr":60,"ip":0,"op":219,"w":390,"h":400,"nm":"confetti","ddd":0,"assets":[{"id":"comp_0","layers":[{"ddd":0,"ind":1,"ty":0,"nm":"ilk part","refId":"comp_1","sr":1,"ks":{"o":{"a":0,"k":100,"ix":11},"r":{"a":1,"k":[{"i":{"x":[0.667],"y":[1]},"o":{"x":[0.333],"y":[0]},"t":0,"s":[-20]},{"t":35,"s":[0]}],"ix":10},"p":{"a":1,"k":[{"i":{"x":0.667,"y":1},"o":{"x":0.333,"y":0},"t":0,"s":[345,548,0],"to":[-11.667,0,0],"ti":[11.667,0,0]},{"t":35,"s":[275,548,0]}],"ix":2},"a":{"a":0,"k":[195,556.5,0],"ix":1},"s":{"a":0,"k":[-60,60,100],"ix":6}},"ao":0,"w":390,"h":1113,"ip":0,"op":480,"st":0,"bm":0},{"ddd":0,"ind":2,"ty":0,"nm":"ilk part","refId":"comp_1","sr":1,"ks":{"o":{"a":0,"k":100,"ix":11},"r":{"a":1,"k":[{"i":{"x":[0.667],"y":[1]},"o":{"x":[0.333],"y":[0]},"t":6.5,"s":[20]},{"t":41.5,"s":[0]}],"ix":10},"p":{"a":1,"k":[{"i":{"x":0.667,"y":1},"o":{"x":0.333,"y":0},"t":6.5,"s":[59,548,0],"to":[9.333,0,0],"ti":[-9.333,0,0]},{"t":41.5,"s":[115,548,0]}],"ix":2},"a":{"a":0,"k":[195,556.5,0],"ix":1},"s":{"a":0,"k":[60,60,100],"ix":6}},"ao":0,"w":390,"h":1113,"ip":6.5,"op":486.5,"st":6.5,"bm":0},{"ddd":0,"ind":3,"ty":0,"nm":"ilk part","refId":"comp_1","sr":1,"ks":{"o":{"a":0,"k":100,"ix":11},"r":{"a":1,"k":[{"i":{"x":[0.667],"y":[1]},"o":{"x":[0.333],"y":[0]},"t":13,"s":[-20]},{"t":48,"s":[0]}],"ix":10},"p":{"a":1,"k":[{"i":{"x":0.667,"y":1},"o":{"x":0.333,"y":0},"t":13,"s":[345,548,0],"to":[-11.667,0,0],"ti":[11.667,0,0]},{"t":48,"s":[275,548,0]}],"ix":2},"a":{"a":0,"k":[195,556.5,0],"ix":1},"s":{"a":0,"k":[-60,60,100],"ix":6}},"ao":0,"w":390,"h":1113,"ip":13,"op":493,"st":13,"bm":0},{"ddd":0,"ind":4,"ty":0,"nm":"ilk part","refId":"comp_1","sr":1,"ks":{"o":{"a":0,"k":100,"ix":11},"r":{"a":1,"k":[{"i":{"x":[0.667],"y":[1]},"o":{"x":[0.333],"y":[0]},"t":19.5,"s":[20]},{"t":54.5,"s":[0]}],"ix":10},"p":{"a":1,"k":[{"i":{"x":0.667,"y":1},"o":{"x":0.333,"y":0},"t":19.5,"s":[59,548,0],"to":[9.333,0,0],"ti":[-9.333,0,0]},{"t":54.5,"s":[115,548,0]}],"ix":2},"a":{"a":0,"k":[195,556.5,0],"ix":1},"s":{"a":0,"k":[60,60,100],"ix":6}},"ao":0,"w":390,"h":1113,"ip":19.5,"op":499.5,"st":19.5,"bm":0},{"ddd":0,"ind":5,"ty":0,"nm":"ilk part","refId":"comp_1","sr":1,"ks":{"o":{"a":0,"k":100,"ix":11},"r":{"a":1,"k":[{"i":{"x":[0.667],"y":[1]},"o":{"x":[0.333],"y":[0]},"t":26,"s":[-20]},{"t":61,"s":[0]}],"ix":10},"p":{"a":1,"k":[{"i":{"x":0.667,"y":1},"o":{"x":0.333,"y":0},"t":26,"s":[345,548,0],"to":[-11.667,0,0],"ti":[11.667,0,0]},{"t":61,"s":[275,548,0]}],"ix":2},"a":{"a":0,"k":[195,556.5,0],"ix":1},"s":{"a":0,"k":[-60,60,100],"ix":6}},"ao":0,"w":390,"h":1113,"ip":26,"op":506,"st":26,"bm":0},{"ddd":0,"ind":6,"ty":0,"nm":"ilk part","refId":"comp_1","sr":1,"ks":{"o":{"a":0,"k":100,"ix":11},"r":{"a":1,"k":[{"i":{"x":[0.667],"y":[1]},"o":{"x":[0.333],"y":[0]},"t":32.5,"s":[20]},{"t":67.5,"s":[0]}],"ix":10},"p":{"a":1,"k":[{"i":{"x":0.667,"y":1},"o":{"x":0.333,"y":0},"t":32.5,"s":[59,548,0],"to":[9.333,0,0],"ti":[-9.333,0,0]},{"t":67.5,"s":[115,548,0]}],"ix":2},"a":{"a":0,"k":[195,556.5,0],"ix":1},"s":{"a":0,"k":[60,60,100],"ix":6}},"ao":0,"w":390,"h":1113,"ip":32.5,"op":512.5,"st":32.5,"bm":0},{"ddd":0,"ind":7,"ty":0,"nm":"ilk part","refId":"comp_1","sr":1,"ks":{"o":{"a":0,"k":100,"ix":11},"r":{"a":1,"k":[{"i":{"x":[0.667],"y":[1]},"o":{"x":[0.333],"y":[0]},"t":39,"s":[-20]},{"t":74,"s":[0]}],"ix":10},"p":{"a":1,"k":[{"i":{"x":0.667,"y":1},"o":{"x":0.333,"y":0},"t":39,"s":[345,548,0],"to":[-11.667,0,0],"ti":[11.667,0,0]},{"t":74,"s":[275,548,0]}],"ix":2},"a":{"a":0,"k":[195,556.5,0],"ix":1},"s":{"a":0,"k":[-60,60,100],"ix":6}},"ao":0,"w":390,"h":1113,"ip":39,"op":519,"st":39,"bm":0}]},{"id":"comp_1","layers":[{"ddd":0,"ind":1,"ty":4,"nm":"sari Outlines","sr":1,"ks":{"o":{"a":0,"k":100,"ix":11},"r":{"a":1,"k":[{"i":{"x":[0.446],"y":[1]},"o":{"x":[0.176],"y":[0]},"t":0,"s":[0]},{"t":115,"s":[360]}],"ix":10},"p":{"a":1,"k":[{"i":{"x":0.366,"y":0.898},"o":{"x":0.515,"y":0.205},"t":0,"s":[192,568.5,0],"to":[0,0,0],"ti":[-52.957,21.882,0]},{"i":{"x":0.656,"y":0.682},"o":{"x":0.606,"y":0.159},"t":24,"s":[214,254.5,0],"to":[119.792,-49.498,0],"ti":[-56,-228,0]},{"t":133.5,"s":[262,1128.5,0]}],"ix":2},"a":{"a":0,"k":[278.638,245.022,0],"ix":1},"s":{"a":1,"k":[{"i":{"x":[0.667,0.667,0.667],"y":[1,1,1]},"o":{"x":[0.333,0.333,0.333],"y":[0,0,0]},"t":0,"s":[100,100,100]},{"i":{"x":[0.667,0.667,0.667],"y":[1,1,1]},"o":{"x":[0.333,0.333,0.333],"y":[0,0,0]},"t":19,"s":[-100,100,100]},{"i":{"x":[0.667,0.667,0.667],"y":[1,1,1]},"o":{"x":[0.333,0.333,0.333],"y":[0,0,0]},"t":45,"s":[-100,-100,100]},{"i":{"x":[0.667,0.667,0.667],"y":[1,1,1]},"o":{"x":[0.333,0.333,0.333],"y":[0,0,0]},"t":74,"s":[-100,100,100]},{"t":115,"s":[-100,-100,100]}],"ix":6}},"ao":0,"shapes":[{"ty":"gr","it":[{"ind":0,"ty":"sh","ix":1,"ks":{"a":0,"k":{"i":[[0,-12.797],[12.796,0],[0,12.796],[-12.797,0]],"o":[[0,12.796],[-12.797,0],[0,-12.797],[12.796,0]],"v":[[23.171,0],[0,23.17],[-23.171,0],[0,-23.17]],"c":true},"ix":2},"nm":"Path 1","mn":"ADBE Vector Shape - Group","hd":false},{"ty":"fl","c":{"a":0,"k":[0.976000010967,0.764999985695,0.344999998808,1],"ix":4},"o":{"a":0,"k":100,"ix":5},"r":1,"bm":0,"nm":"Fill 1","mn":"ADBE Vector Graphic - Fill","hd":false},{"ty":"tr","p":{"a":0,"k":[278.638,245.022],"ix":2},"a":{"a":0,"k":[0,0],"ix":1},"s":{"a":1,"k":[{"i":{"x":[0.437,0.437],"y":[1,1]},"o":{"x":[0.567,0.567],"y":[0,0]},"t":0,"s":[0,0]},{"t":7.5,"s":[40,40]}],"ix":3},"r":{"a":0,"k":0,"ix":6},"o":{"a":0,"k":100,"ix":7},"sk":{"a":0,"k":0,"ix":4},"sa":{"a":0,"k":0,"ix":5},"nm":"Transform"}],"nm":"Group 1","np":2,"cix":2,"bm":0,"ix":1,"mn":"ADBE Vector Group","hd":false}],"ip":0,"op":480,"st":0,"bm":0},{"ddd":0,"ind":2,"ty":0,"nm":"mavi Outlines 2 Comp 1","refId":"comp_2","sr":1,"ks":{"o":{"a":0,"k":100,"ix":11},"r":{"a":0,"k":0,"ix":10},"p":{"a":0,"k":[195,556.5,0],"ix":2},"a":{"a":0,"k":[195,600.5,0],"ix":1},"s":{"a":0,"k":[-100,100,100],"ix":6}},"ao":0,"w":390,"h":1201,"ip":0,"op":480,"st":0,"bm":0},{"ddd":0,"ind":3,"ty":4,"nm":"mavi Outlines 2","sr":1,"ks":{"o":{"a":0,"k":100,"ix":11},"r":{"a":1,"k":[{"i":{"x":[0.438],"y":[1]},"o":{"x":[0.203],"y":[0]},"t":0,"s":[0]},{"t":119.5,"s":[360]}],"ix":10},"p":{"a":1,"k":[{"i":{"x":0.366,"y":0.869},"o":{"x":0.515,"y":0.196},"t":0,"s":[186,534.5,0],"to":[0,0,0],"ti":[85.084,1.91,0]},{"i":{"x":0.656,"y":0.874},"o":{"x":0.563,"y":0.189},"t":24,"s":[138,218.5,0],"to":[-161.875,-3.634,0],"ti":[62,-378,0]},{"t":133.5,"s":[78,1132.5,0]}],"ix":2},"a":{"a":0,"k":[136.17,375.234,0],"ix":1},"s":{"a":1,"k":[{"i":{"x":[0.667,0.667,0.667],"y":[1,1,1]},"o":{"x":[0.333,0.333,0.333],"y":[0,0,0]},"t":0,"s":[100,100,100]},{"i":{"x":[0.667,0.667,0.667],"y":[1,1,1]},"o":{"x":[0.333,0.333,0.333],"y":[0,0,0]},"t":19,"s":[-100,100,100]},{"i":{"x":[0.667,0.667,0.667],"y":[1,1,1]},"o":{"x":[0.333,0.333,0.333],"y":[0,0,0]},"t":43,"s":[-100,-100,100]},{"i":{"x":[0.667,0.667,0.667],"y":[1,1,1]},"o":{"x":[0.333,0.333,0.333],"y":[0,0,0]},"t":76.5,"s":[-100,100,100]},{"t":119,"s":[-100,-100,100]}],"ix":6}},"ao":0,"shapes":[{"ty":"gr","it":[{"ind":0,"ty":"sh","ix":1,"ks":{"a":0,"k":{"i":[[0,-12.796],[12.796,0],[0,12.797],[-12.797,0]],"o":[[0,12.797],[-12.797,0],[0,-12.796],[12.796,0]],"v":[[23.17,0],[-0.487,22.778],[-23.17,0],[0,-23.17]],"c":true},"ix":2},"nm":"Path 1","mn":"ADBE Vector Shape - Group","hd":false},{"ty":"fl","c":{"a":0,"k":[0.964705884457,0.56507062912,0.13619376719,1],"ix":4},"o":{"a":0,"k":100,"ix":5},"r":1,"bm":0,"nm":"Fill 1","mn":"ADBE Vector Graphic - Fill","hd":false},{"ty":"tr","p":{"a":0,"k":[136.17,375.234],"ix":2},"a":{"a":0,"k":[0,0],"ix":1},"s":{"a":1,"k":[{"i":{"x":[0.437,0.437],"y":[1,1]},"o":{"x":[0.567,0.567],"y":[0,0]},"t":0,"s":[0,0]},{"t":7.5,"s":[40,40]}],"ix":3},"r":{"a":0,"k":0,"ix":6},"o":{"a":0,"k":100,"ix":7},"sk":{"a":0,"k":0,"ix":4},"sa":{"a":0,"k":0,"ix":5},"nm":"Transform"}],"nm":"Group 1","np":2,"cix":2,"bm":0,"ix":1,"mn":"ADBE Vector Group","hd":false}],"ip":0,"op":480,"st":0,"bm":0},{"ddd":0,"ind":4,"ty":4,"nm":"mavi Outlines 3","sr":1,"ks":{"o":{"a":0,"k":100,"ix":11},"r":{"a":1,"k":[{"i":{"x":[0.438],"y":[1]},"o":{"x":[0.203],"y":[0]},"t":0,"s":[0]},{"t":113,"s":[360]}],"ix":10},"p":{"a":1,"k":[{"i":{"x":0.366,"y":0.876},"o":{"x":0.515,"y":0.184},"t":0,"s":[206,568.5,0],"to":[0,0,0],"ti":[-70.25,33.664,0]},{"i":{"x":0.656,"y":0.873},"o":{"x":0.563,"y":0.191},"t":24,"s":[260,222.5,0],"to":[106.352,-50.964,0],"ti":[-6,-394,0]},{"t":133.5,"s":[294,1132.5,0]}],"ix":2},"a":{"a":0,"k":[136.17,375.234,0],"ix":1},"s":{"a":1,"k":[{"i":{"x":[0.667,0.667,0.667],"y":[1,1,1]},"o":{"x":[0.333,0.333,0.333],"y":[0,0,0]},"t":0,"s":[100,100,100]},{"i":{"x":[0.667,0.667,0.667],"y":[1,1,1]},"o":{"x":[0.333,0.333,0.333],"y":[0,0,0]},"t":15,"s":[-100,100,100]},{"i":{"x":[0.667,0.667,0.667],"y":[1,1,1]},"o":{"x":[0.333,0.333,0.333],"y":[0,0,0]},"t":32,"s":[-100,-100,100]},{"i":{"x":[0.667,0.667,0.667],"y":[1,1,1]},"o":{"x":[0.333,0.333,0.333],"y":[0,0,0]},"t":53.5,"s":[-100,100,100]},{"t":113,"s":[-100,-100,100]}],"ix":6}},"ao":0,"shapes":[{"ty":"gr","it":[{"ind":0,"ty":"sh","ix":1,"ks":{"a":0,"k":{"i":[[0,-12.796],[12.796,0],[0,12.797],[-12.797,0]],"o":[[0,12.797],[-12.797,0],[0,-12.796],[12.796,0]],"v":[[23.17,0],[0,23.17],[-23.17,0],[0,-23.17]],"c":true},"ix":2},"nm":"Path 1","mn":"ADBE Vector Shape - Group","hd":false},{"ty":"fl","c":{"a":0,"k":[0.079830832779,0.335610181093,0.701960802078,1],"ix":4},"o":{"a":0,"k":100,"ix":5},"r":1,"bm":0,"nm":"Fill 1","mn":"ADBE Vector Graphic - Fill","hd":false},{"ty":"tr","p":{"a":0,"k":[136.17,375.234],"ix":2},"a":{"a":0,"k":[0,0],"ix":1},"s":{"a":1,"k":[{"i":{"x":[0.437,0.437],"y":[1,1]},"o":{"x":[0.567,0.567],"y":[0,0]},"t":0,"s":[0,0]},{"t":7.5,"s":[40,40]}],"ix":3},"r":{"a":0,"k":0,"ix":6},"o":{"a":0,"k":100,"ix":7},"sk":{"a":0,"k":0,"ix":4},"sa":{"a":0,"k":0,"ix":5},"nm":"Transform"}],"nm":"Group 1","np":2,"cix":2,"bm":0,"ix":1,"mn":"ADBE Vector Group","hd":false}],"ip":0,"op":480,"st":0,"bm":0},{"ddd":0,"ind":5,"ty":4,"nm":"mavi Outlines","sr":1,"ks":{"o":{"a":0,"k":100,"ix":11},"r":{"a":1,"k":[{"i":{"x":[0.438],"y":[1]},"o":{"x":[0.203],"y":[0]},"t":0,"s":[0]},{"t":120.5,"s":[360]}],"ix":10},"p":{"a":1,"k":[{"i":{"x":0.366,"y":0.859},"o":{"x":0.515,"y":0.211},"t":0,"s":[192,568.5,0],"to":[0,0,0],"ti":[33.74,15.939,0]},{"i":{"x":0.656,"y":0.87},"o":{"x":0.563,"y":0.196},"t":24,"s":[174,258.5,0],"to":[-135.028,-63.787,0],"ti":[52,-298,0]},{"t":133.5,"s":[134,1136.5,0]}],"ix":2},"a":{"a":0,"k":[136.17,375.234,0],"ix":1},"s":{"a":1,"k":[{"i":{"x":[0.667,0.667,0.667],"y":[1,1,1]},"o":{"x":[0.333,0.333,0.333],"y":[0,0,0]},"t":0,"s":[100,100,100]},{"i":{"x":[0.667,0.667,0.667],"y":[1,1,1]},"o":{"x":[0.333,0.333,0.333],"y":[0,0,0]},"t":15,"s":[-100,100,100]},{"i":{"x":[0.667,0.667,0.667],"y":[1,1,1]},"o":{"x":[0.333,0.333,0.333],"y":[0,0,0]},"t":36,"s":[-100,-100,100]},{"i":{"x":[0.667,0.667,0.667],"y":[1,1,1]},"o":{"x":[0.333,0.333,0.333],"y":[0,0,0]},"t":65.5,"s":[-100,100,100]},{"t":120.5,"s":[-100,-100,100]}],"ix":6}},"ao":0,"shapes":[{"ty":"gr","it":[{"ind":0,"ty":"sh","ix":1,"ks":{"a":0,"k":{"i":[[0,-12.796],[12.796,0],[0,12.797],[-12.797,0]],"o":[[0,12.797],[-12.797,0],[0,-12.796],[12.796,0]],"v":[[23.17,0],[0,23.17],[-23.17,0],[0,-23.17]],"c":true},"ix":2},"nm":"Path 1","mn":"ADBE Vector Shape - Group","hd":false},{"ty":"fl","c":{"a":0,"k":[0.079830832779,0.335610181093,0.701960802078,1],"ix":4},"o":{"a":0,"k":100,"ix":5},"r":1,"bm":0,"nm":"Fill 1","mn":"ADBE Vector Graphic - Fill","hd":false},{"ty":"tr","p":{"a":0,"k":[136.17,375.234],"ix":2},"a":{"a":0,"k":[0,0],"ix":1},"s":{"a":1,"k":[{"i":{"x":[0.437,0.437],"y":[1,1]},"o":{"x":[0.567,0.567],"y":[0,0]},"t":0,"s":[0,0]},{"t":7.5,"s":[40,40]}],"ix":3},"r":{"a":0,"k":0,"ix":6},"o":{"a":0,"k":100,"ix":7},"sk":{"a":0,"k":0,"ix":4},"sa":{"a":0,"k":0,"ix":5},"nm":"Transform"}],"nm":"Group 1","np":2,"cix":2,"bm":0,"ix":1,"mn":"ADBE Vector Group","hd":false}],"ip":0,"op":480,"st":0,"bm":0},{"ddd":0,"ind":6,"ty":0,"nm":"mor Outlines 2 Comp 1","refId":"comp_3","sr":1,"ks":{"o":{"a":0,"k":100,"ix":11},"r":{"a":0,"k":0,"ix":10},"p":{"a":0,"k":[195,556.5,0],"ix":2},"a":{"a":0,"k":[195,573.5,0],"ix":1},"s":{"a":0,"k":[-100,100,100],"ix":6}},"ao":0,"w":390,"h":1147,"ip":0,"op":480,"st":0,"bm":0},{"ddd":0,"ind":7,"ty":4,"nm":"mor Outlines","sr":1,"ks":{"o":{"a":0,"k":100,"ix":11},"r":{"a":1,"k":[{"i":{"x":[0.438],"y":[1]},"o":{"x":[0.196],"y":[0]},"t":0,"s":[0]},{"t":119,"s":[360]}],"ix":10},"p":{"a":1,"k":[{"i":{"x":0.424,"y":0.974},"o":{"x":0.436,"y":0.221},"t":0,"s":[192,568.5,0],"to":[0,0,0],"ti":[-14.07,14.279,0]},{"i":{"x":0.812,"y":0.943},"o":{"x":0.433,"y":0.029},"t":26,"s":[192,260.5,0],"to":[27.317,-27.724,0],"ti":[0,-48,0]},{"t":133.5,"s":[206,1134.5,0]}],"ix":2},"a":{"a":0,"k":[215.681,316.703,0],"ix":1},"s":{"a":1,"k":[{"i":{"x":[0.667,0.667,0.667],"y":[1,1,1]},"o":{"x":[0.333,0.333,0.333],"y":[0,0,0]},"t":0,"s":[100,100,100]},{"i":{"x":[0.667,0.667,0.667],"y":[1,1,1]},"o":{"x":[0.333,0.333,0.333],"y":[0,0,0]},"t":19,"s":[-100,100,100]},{"i":{"x":[0.667,0.667,0.667],"y":[1,1,1]},"o":{"x":[0.333,0.333,0.333],"y":[0,0,0]},"t":43,"s":[-100,-100,100]},{"i":{"x":[0.667,0.667,0.667],"y":[1,1,1]},"o":{"x":[0.333,0.333,0.333],"y":[0,0,0]},"t":76.5,"s":[-100,100,100]},{"t":119,"s":[-100,-100,100]}],"ix":6}},"ao":0,"shapes":[{"ty":"gr","it":[{"ind":0,"ty":"sh","ix":1,"ks":{"a":0,"k":{"i":[[0,0],[0,0],[0,0]],"o":[[0,0],[0,0],[0,0]],"v":[[0,-24.958],[-28.818,24.958],[28.818,24.958]],"c":true},"ix":2},"nm":"Path 1","mn":"ADBE Vector Shape - Group","hd":false},{"ty":"fl","c":{"a":0,"k":[0.882352948189,0.411764681339,1,1],"ix":4},"o":{"a":0,"k":100,"ix":5},"r":1,"bm":0,"nm":"Fill 1","mn":"ADBE Vector Graphic - Fill","hd":false},{"ty":"tr","p":{"a":0,"k":[215.681,316.703],"ix":2},"a":{"a":0,"k":[0,0],"ix":1},"s":{"a":1,"k":[{"i":{"x":[0.437,0.437],"y":[1,1]},"o":{"x":[0.567,0.567],"y":[0,0]},"t":0,"s":[0,0]},{"t":7.5,"s":[40,40]}],"ix":3},"r":{"a":0,"k":0,"ix":6},"o":{"a":0,"k":100,"ix":7},"sk":{"a":0,"k":0,"ix":4},"sa":{"a":0,"k":0,"ix":5},"nm":"Transform"}],"nm":"Group 1","np":2,"cix":2,"bm":0,"ix":1,"mn":"ADBE Vector Group","hd":false}],"ip":0,"op":480,"st":0,"bm":0},{"ddd":0,"ind":8,"ty":0,"nm":"kirmizi Outlines 2 Comp 1","refId":"comp_4","sr":1,"ks":{"o":{"a":0,"k":100,"ix":11},"r":{"a":0,"k":0,"ix":10},"p":{"a":0,"k":[195,556.5,0],"ix":2},"a":{"a":0,"k":[195,564.5,0],"ix":1},"s":{"a":0,"k":[-100,100,100],"ix":6}},"ao":0,"w":390,"h":1129,"ip":0,"op":480,"st":0,"bm":0},{"ddd":0,"ind":9,"ty":4,"nm":"kirmizi Outlines","sr":1,"ks":{"o":{"a":0,"k":100,"ix":11},"r":{"a":1,"k":[{"i":{"x":[0.362],"y":[1]},"o":{"x":[0.189],"y":[0]},"t":0,"s":[0]},{"t":114.5,"s":[360]}],"ix":10},"p":{"a":1,"k":[{"i":{"x":0.216,"y":0.809},"o":{"x":0.621,"y":0.296},"t":0,"s":[192,568.5,0],"to":[0,0,0],"ti":[-88.109,1.495,0]},{"i":{"x":0.655,"y":0.781},"o":{"x":0.515,"y":0.167},"t":26.5,"s":[288,332.5,0],"to":[120.088,-2.037,0],"ti":[-78,-114,0]},{"t":133.5,"s":[366,1132.5,0]}],"ix":2},"a":{"a":0,"k":[168.906,227.9,0],"ix":1},"s":{"a":1,"k":[{"i":{"x":[0.667,0.667,0.667],"y":[1,1,1]},"o":{"x":[0.333,0.333,0.333],"y":[0,0,0]},"t":0,"s":[100,100,100]},{"i":{"x":[0.667,0.667,0.667],"y":[1,1,1]},"o":{"x":[0.333,0.333,0.333],"y":[0,0,0]},"t":19,"s":[-100,100,100]},{"i":{"x":[0.667,0.667,0.667],"y":[1,1,1]},"o":{"x":[0.333,0.333,0.333],"y":[0,0,0]},"t":43,"s":[-100,-100,100]},{"i":{"x":[0.667,0.667,0.667],"y":[1,1,1]},"o":{"x":[0.333,0.333,0.333],"y":[0,0,0]},"t":76.5,"s":[-100,100,100]},{"t":114.5,"s":[-100,-100,100]}],"ix":6}},"ao":0,"shapes":[{"ty":"gr","it":[{"ind":0,"ty":"sh","ix":1,"ks":{"a":0,"k":{"i":[[0,0],[0,0],[0,0],[0,0]],"o":[[0,0],[0,0],[0,0],[0,0]],"v":[[22.927,22.927],[-22.927,22.927],[-22.927,-22.927],[22.927,-22.927]],"c":true},"ix":2},"nm":"Path 1","mn":"ADBE Vector Shape - Group","hd":false},{"ty":"fl","c":{"a":0,"k":[1,0.20000000298,0.352999985218,1],"ix":4},"o":{"a":0,"k":100,"ix":5},"r":1,"bm":0,"nm":"Fill 1","mn":"ADBE Vector Graphic - Fill","hd":false},{"ty":"tr","p":{"a":0,"k":[168.906,227.9],"ix":2},"a":{"a":0,"k":[0,0],"ix":1},"s":{"a":1,"k":[{"i":{"x":[0.437,0.437],"y":[1,1]},"o":{"x":[0.567,0.567],"y":[0,0]},"t":0,"s":[0,0]},{"t":7.5,"s":[40,40]}],"ix":3},"r":{"a":0,"k":0,"ix":6},"o":{"a":0,"k":100,"ix":7},"sk":{"a":0,"k":0,"ix":4},"sa":{"a":0,"k":0,"ix":5},"nm":"Transform"}],"nm":"Group 1","np":2,"cix":2,"bm":0,"ix":1,"mn":"ADBE Vector Group","hd":false}],"ip":0,"op":480,"st":0,"bm":0},{"ddd":0,"ind":10,"ty":0,"nm":"yesil Outlines 2 Comp 1","refId":"comp_5","sr":1,"ks":{"o":{"a":0,"k":100,"ix":11},"r":{"a":0,"k":0,"ix":10},"p":{"a":0,"k":[195,556.5,0],"ix":2},"a":{"a":0,"k":[195,585.5,0],"ix":1},"s":{"a":0,"k":[100,100,100],"ix":6}},"ao":0,"w":390,"h":1171,"ip":0,"op":480,"st":0,"bm":0},{"ddd":0,"ind":11,"ty":4,"nm":"yesil Outlines 2","sr":1,"ks":{"o":{"a":0,"k":100,"ix":11},"r":{"a":1,"k":[{"i":{"x":[0.177],"y":[1]},"o":{"x":[0.218],"y":[0]},"t":0,"s":[0]},{"t":122,"s":[360]}],"ix":10},"p":{"a":1,"k":[{"i":{"x":0.366,"y":0.851},"o":{"x":0.515,"y":0.185},"t":0,"s":[192,568.5,0],"to":[0,0,0],"ti":[-92.049,17.019,0]},{"i":{"x":0.624,"y":0.877},"o":{"x":0.287,"y":0.124},"t":23,"s":[266,250.5,0],"to":[101.061,-18.685,0],"ti":[-38,-442,0]},{"t":133.5,"s":[320,1126.5,0]}],"ix":2},"a":{"a":0,"k":[93.893,291.745,0],"ix":1},"s":{"a":1,"k":[{"i":{"x":[0.667,0.667,0.667],"y":[1,1,1]},"o":{"x":[0.333,0.333,0.333],"y":[0,0,0]},"t":0,"s":[100,100,100]},{"i":{"x":[0.667,0.667,0.667],"y":[1,1,1]},"o":{"x":[0.333,0.333,0.333],"y":[0,0,0]},"t":18,"s":[-100,100,100]},{"i":{"x":[0.667,0.667,0.667],"y":[1,1,1]},"o":{"x":[0.333,0.333,0.333],"y":[0,0,0]},"t":36.5,"s":[-100,-100,100]},{"i":{"x":[0.667,0.667,0.667],"y":[1,1,1]},"o":{"x":[0.333,0.333,0.333],"y":[0,0,0]},"t":63.5,"s":[-100,100,100]},{"t":122,"s":[-100,-100,100]}],"ix":6}},"ao":0,"shapes":[{"ty":"gr","it":[{"ind":0,"ty":"sh","ix":1,"ks":{"a":0,"k":{"i":[[0,0],[0,0],[0,0],[0,0]],"o":[[0,0],[0,0],[0,0],[0,0]],"v":[[27.096,13.548],[-27.096,13.548],[-27.096,-13.548],[27.096,-13.548]],"c":true},"ix":2},"nm":"Path 1","mn":"ADBE Vector Shape - Group","hd":false},{"ty":"fl","c":{"a":0,"k":[0.349000006914,0.936999976635,0.643000006676,1],"ix":4},"o":{"a":0,"k":100,"ix":5},"r":1,"bm":0,"nm":"Fill 1","mn":"ADBE Vector Graphic - Fill","hd":false},{"ty":"tr","p":{"a":0,"k":[93.893,291.745],"ix":2},"a":{"a":0,"k":[0,0],"ix":1},"s":{"a":1,"k":[{"i":{"x":[0.437,0.437],"y":[1,1]},"o":{"x":[0.567,0.567],"y":[0,0]},"t":0,"s":[0,0]},{"t":7.5,"s":[40,40]}],"ix":3},"r":{"a":0,"k":0,"ix":6},"o":{"a":0,"k":100,"ix":7},"sk":{"a":0,"k":0,"ix":4},"sa":{"a":0,"k":0,"ix":5},"nm":"Transform"}],"nm":"Group 1","np":2,"cix":2,"bm":0,"ix":1,"mn":"ADBE Vector Group","hd":false}],"ip":0,"op":480,"st":0,"bm":0},{"ddd":0,"ind":12,"ty":4,"nm":"yesil Outlines 3","sr":1,"ks":{"o":{"a":0,"k":100,"ix":11},"r":{"a":1,"k":[{"i":{"x":[0.177],"y":[1]},"o":{"x":[0.218],"y":[0]},"t":0,"s":[0]},{"t":116.5,"s":[360]}],"ix":10},"p":{"a":1,"k":[{"i":{"x":0.366,"y":0.822},"o":{"x":0.515,"y":0.22},"t":0,"s":[192,568.5,0],"to":[0,0,0],"ti":[-65.966,5.053,0]},{"i":{"x":0.634,"y":0.326},"o":{"x":0.287,"y":0.168},"t":23,"s":[232,296.5,0],"to":[90.053,-6.899,0],"ti":[5.941,-73.517,0]},{"i":{"x":0.624,"y":0.891},"o":{"x":0.375,"y":0.449},"t":71.5,"s":[256,556.5,0],"to":[-16,198,0],"ti":[-12,-48,0]},{"t":133.5,"s":[290,1126.5,0]}],"ix":2},"a":{"a":0,"k":[93.893,291.745,0],"ix":1},"s":{"a":1,"k":[{"i":{"x":[0.667,0.667,0.667],"y":[1,1,1]},"o":{"x":[0.333,0.333,0.333],"y":[0,0,0]},"t":0,"s":[100,100,100]},{"i":{"x":[0.667,0.667,0.667],"y":[1,1,1]},"o":{"x":[0.333,0.333,0.333],"y":[0,0,0]},"t":41,"s":[-100,100,100]},{"i":{"x":[0.667,0.667,0.667],"y":[1,1,1]},"o":{"x":[0.333,0.333,0.333],"y":[0,0,0]},"t":81,"s":[-100,-100,100]},{"t":116.5,"s":[-100,100,100]}],"ix":6}},"ao":0,"shapes":[{"ty":"gr","it":[{"ind":0,"ty":"sh","ix":1,"ks":{"a":0,"k":{"i":[[0,0],[0,0],[0,0],[0,0]],"o":[[0,0],[0,0],[0,0],[0,0]],"v":[[27.096,13.548],[-27.096,13.548],[-27.096,-13.548],[27.096,-13.548]],"c":true},"ix":2},"nm":"Path 1","mn":"ADBE Vector Shape - Group","hd":false},{"ty":"fl","c":{"a":0,"k":[1,0.20000000298,0.352941185236,1],"ix":4},"o":{"a":0,"k":100,"ix":5},"r":1,"bm":0,"nm":"Fill 1","mn":"ADBE Vector Graphic - Fill","hd":false},{"ty":"tr","p":{"a":0,"k":[93.893,291.745],"ix":2},"a":{"a":0,"k":[0,0],"ix":1},"s":{"a":1,"k":[{"i":{"x":[0.437,0.437],"y":[1,1]},"o":{"x":[0.567,0.567],"y":[0,0]},"t":0,"s":[0,0]},{"t":7.5,"s":[40,40]}],"ix":3},"r":{"a":0,"k":0,"ix":6},"o":{"a":0,"k":100,"ix":7},"sk":{"a":0,"k":0,"ix":4},"sa":{"a":0,"k":0,"ix":5},"nm":"Transform"}],"nm":"Group 1","np":2,"cix":2,"bm":0,"ix":1,"mn":"ADBE Vector Group","hd":false}],"ip":0,"op":480,"st":0,"bm":0},{"ddd":0,"ind":13,"ty":4,"nm":"yesil Outlines","sr":1,"ks":{"o":{"a":0,"k":100,"ix":11},"r":{"a":1,"k":[{"i":{"x":[0.177],"y":[1]},"o":{"x":[0.218],"y":[0]},"t":0,"s":[0]},{"t":116.5,"s":[360]}],"ix":10},"p":{"a":1,"k":[{"i":{"x":0.366,"y":0.805},"o":{"x":0.515,"y":0.242},"t":0,"s":[192,568.5,0],"to":[0,0,0],"ti":[64.27,15.697,0]},{"i":{"x":0.634,"y":0.391},"o":{"x":0.287,"y":0.152},"t":23,"s":[110,328.5,0],"to":[-101.947,-24.899,0],"ti":[-9.965,-73.08,0]},{"i":{"x":0.624,"y":0.883},"o":{"x":0.375,"y":0.483},"t":71.5,"s":[36,602.5,0],"to":[30,220,0],"ti":[18,-76,0]},{"t":133.5,"s":[38,1132.5,0]}],"ix":2},"a":{"a":0,"k":[93.893,291.745,0],"ix":1},"s":{"a":1,"k":[{"i":{"x":[0.667,0.667,0.667],"y":[1,1,1]},"o":{"x":[0.333,0.333,0.333],"y":[0,0,0]},"t":0,"s":[100,100,100]},{"i":{"x":[0.667,0.667,0.667],"y":[1,1,1]},"o":{"x":[0.333,0.333,0.333],"y":[0,0,0]},"t":19,"s":[-100,100,100]},{"i":{"x":[0.667,0.667,0.667],"y":[1,1,1]},"o":{"x":[0.333,0.333,0.333],"y":[0,0,0]},"t":43,"s":[-100,-100,100]},{"i":{"x":[0.667,0.667,0.667],"y":[1,1,1]},"o":{"x":[0.333,0.333,0.333],"y":[0,0,0]},"t":76.5,"s":[-100,100,100]},{"t":116.5,"s":[-100,-100,100]}],"ix":6}},"ao":0,"shapes":[{"ty":"gr","it":[{"ind":0,"ty":"sh","ix":1,"ks":{"a":0,"k":{"i":[[0,0],[0,0],[0,0],[0,0]],"o":[[0,0],[0,0],[0,0],[0,0]],"v":[[27.096,13.548],[-27.096,13.548],[-27.096,-13.548],[27.096,-13.548]],"c":true},"ix":2},"nm":"Path 1","mn":"ADBE Vector Shape - Group","hd":false},{"ty":"fl","c":{"a":0,"k":[0.349000006914,0.936999976635,0.643000006676,1],"ix":4},"o":{"a":0,"k":100,"ix":5},"r":1,"bm":0,"nm":"Fill 1","mn":"ADBE Vector Graphic - Fill","hd":false},{"ty":"tr","p":{"a":0,"k":[93.893,291.745],"ix":2},"a":{"a":0,"k":[0,0],"ix":1},"s":{"a":1,"k":[{"i":{"x":[0.437,0.437],"y":[1,1]},"o":{"x":[0.567,0.567],"y":[0,0]},"t":0,"s":[0,0]},{"t":7.5,"s":[40,40]}],"ix":3},"r":{"a":0,"k":0,"ix":6},"o":{"a":0,"k":100,"ix":7},"sk":{"a":0,"k":0,"ix":4},"sa":{"a":0,"k":0,"ix":5},"nm":"Transform"}],"nm":"Group 1","np":2,"cix":2,"bm":0,"ix":1,"mn":"ADBE Vector Group","hd":false}],"ip":0,"op":480,"st":0,"bm":0}]},{"id":"comp_2","layers":[{"ddd":0,"ind":1,"ty":4,"nm":"mavi Outlines 2","sr":1,"ks":{"o":{"a":0,"k":100,"ix":11},"r":{"a":1,"k":[{"i":{"x":[0.438],"y":[1]},"o":{"x":[0.203],"y":[0]},"t":0,"s":[0]},{"t":113,"s":[360]}],"ix":10},"p":{"a":1,"k":[{"i":{"x":0.366,"y":0.856},"o":{"x":0.515,"y":0.215},"t":0,"s":[210,602.5,0],"to":[-8,-98,0],"ti":[80.2,-14.177,0]},{"i":{"x":0.656,"y":0.87},"o":{"x":0.563,"y":0.194},"t":24,"s":[198,320.5,0],"to":[-103.028,18.213,0],"ti":[106,-198,0]},{"t":133.5,"s":[136,1226.5,0]}],"ix":2},"a":{"a":0,"k":[136.17,375.234,0],"ix":1},"s":{"a":0,"k":[100,100,100],"ix":6}},"ao":0,"shapes":[{"ty":"gr","it":[{"ind":0,"ty":"sh","ix":1,"ks":{"a":0,"k":{"i":[[0,-12.796],[12.796,0],[0,12.797],[-12.797,0]],"o":[[0,12.797],[-12.797,0],[0,-12.796],[12.796,0]],"v":[[23.17,0],[0,23.17],[-23.17,0],[0,-23.17]],"c":true},"ix":2},"nm":"Path 1","mn":"ADBE Vector Shape - Group","hd":false},{"ty":"fl","c":{"a":0,"k":[0.349019616842,0.937254905701,0.643137276173,1],"ix":4},"o":{"a":0,"k":100,"ix":5},"r":1,"bm":0,"nm":"Fill 1","mn":"ADBE Vector Graphic - Fill","hd":false},{"ty":"tr","p":{"a":0,"k":[136.17,375.234],"ix":2},"a":{"a":0,"k":[0,0],"ix":1},"s":{"a":1,"k":[{"i":{"x":[0.437,0.437],"y":[1,1]},"o":{"x":[0.567,0.567],"y":[0,0]},"t":0,"s":[0,0]},{"t":7.5,"s":[40,40]}],"ix":3},"r":{"a":0,"k":0,"ix":6},"o":{"a":0,"k":100,"ix":7},"sk":{"a":0,"k":0,"ix":4},"sa":{"a":0,"k":0,"ix":5},"nm":"Transform"}],"nm":"Group 1","np":2,"cix":2,"bm":0,"ix":1,"mn":"ADBE Vector Group","hd":false}],"ip":0,"op":480,"st":0,"bm":0}]},{"id":"comp_3","layers":[{"ddd":0,"ind":1,"ty":4,"nm":"dddd","sr":1,"ks":{"o":{"a":0,"k":100,"ix":11},"r":{"a":1,"k":[{"i":{"x":[0.438],"y":[1]},"o":{"x":[0.196],"y":[0]},"t":0,"s":[0]},{"t":119,"s":[360]}],"ix":10},"p":{"a":1,"k":[{"i":{"x":0.424,"y":0.978},"o":{"x":0.436,"y":0.187},"t":0,"s":[192,585.5,0],"to":[0,0,0],"ti":[-47.317,9.724,0]},{"i":{"x":0.812,"y":0.947},"o":{"x":0.433,"y":0.027},"t":26,"s":[208,227.5,0],"to":[47.317,-9.724,0],"ti":[0,-48,0]},{"t":133.5,"s":[260,1164.5,0]}],"ix":2},"a":{"a":0,"k":[215.681,316.703,0],"ix":1},"s":{"a":0,"k":[100,100,100],"ix":6}},"ao":0,"shapes":[{"ty":"gr","it":[{"ind":0,"ty":"sh","ix":1,"ks":{"a":0,"k":{"i":[[0,0],[0,0],[0,0]],"o":[[0,0],[0,0],[0,0]],"v":[[0,-24.958],[-28.818,24.958],[28.818,24.958]],"c":true},"ix":2},"nm":"Path 1","mn":"ADBE Vector Shape - Group","hd":false},{"ty":"fl","c":{"a":0,"k":[0.976470589638,0.764705896378,0.345098048449,1],"ix":4},"o":{"a":0,"k":100,"ix":5},"r":1,"bm":0,"nm":"Fill 1","mn":"ADBE Vector Graphic - Fill","hd":false},{"ty":"tr","p":{"a":0,"k":[215.681,316.703],"ix":2},"a":{"a":0,"k":[0,0],"ix":1},"s":{"a":1,"k":[{"i":{"x":[0.437,0.437],"y":[1,1]},"o":{"x":[0.567,0.567],"y":[0,0]},"t":0,"s":[0,0]},{"t":7.5,"s":[40,40]}],"ix":3},"r":{"a":0,"k":0,"ix":6},"o":{"a":0,"k":100,"ix":7},"sk":{"a":0,"k":0,"ix":4},"sa":{"a":0,"k":0,"ix":5},"nm":"Transform"}],"nm":"Group 1","np":2,"cix":2,"bm":0,"ix":1,"mn":"ADBE Vector Group","hd":false}],"ip":0,"op":480,"st":0,"bm":0}]},{"id":"comp_4","layers":[{"ddd":0,"ind":1,"ty":4,"nm":"kirmizi Outlines 2","sr":1,"ks":{"o":{"a":0,"k":100,"ix":11},"r":{"a":1,"k":[{"i":{"x":[0.362],"y":[1]},"o":{"x":[0.189],"y":[0]},"t":0,"s":[0]},{"t":114.5,"s":[360]}],"ix":10},"p":{"a":1,"k":[{"i":{"x":0.216,"y":0.807},"o":{"x":0.621,"y":0.3},"t":0,"s":[192,576.5,0],"to":[0,0,0],"ti":[-88.109,1.495,0]},{"i":{"x":0.748,"y":0.585},"o":{"x":0.465,"y":0.165},"t":26.5,"s":[274,340.5,0],"to":[67.068,-1.138,0],"ti":[14.677,-173.885,0]},{"i":{"x":0.606,"y":0.773},"o":{"x":0.319,"y":0.434},"t":79,"s":[289.188,689.427,0],"to":[-11.602,137.463,0],"ti":[-34.438,-50.332,0]},{"t":133.5,"s":[314,1148.5,0]}],"ix":2},"a":{"a":0,"k":[168.906,227.9,0],"ix":1},"s":{"a":1,"k":[{"i":{"x":[0.667,0.667,0.667],"y":[1,1,1]},"o":{"x":[0.333,0.333,0.333],"y":[0,0,0]},"t":0,"s":[100,100,100]},{"i":{"x":[0.667,0.667,0.667],"y":[1,1,1]},"o":{"x":[0.333,0.333,0.333],"y":[0,0,0]},"t":19,"s":[-100,100,100]},{"i":{"x":[0.667,0.667,0.667],"y":[1,1,1]},"o":{"x":[0.333,0.333,0.333],"y":[0,0,0]},"t":43,"s":[-100,-100,100]},{"i":{"x":[0.667,0.667,0.667],"y":[1,1,1]},"o":{"x":[0.333,0.333,0.333],"y":[0,0,0]},"t":76.5,"s":[-100,100,100]},{"t":114.5,"s":[-100,-100,100]}],"ix":6}},"ao":0,"shapes":[{"ty":"gr","it":[{"ind":0,"ty":"sh","ix":1,"ks":{"a":0,"k":{"i":[[0,0],[0,0],[0,0],[0,0]],"o":[[0,0],[0,0],[0,0],[0,0]],"v":[[22.927,22.927],[-22.927,22.927],[-22.927,-22.927],[22.927,-22.927]],"c":true},"ix":2},"nm":"Path 1","mn":"ADBE Vector Shape - Group","hd":false},{"ty":"fl","c":{"a":0,"k":[1,0.2,0.352999997606,1],"ix":4},"o":{"a":0,"k":100,"ix":5},"r":1,"bm":0,"nm":"Fill 1","mn":"ADBE Vector Graphic - Fill","hd":false},{"ty":"tr","p":{"a":0,"k":[168.906,227.9],"ix":2},"a":{"a":0,"k":[0,0],"ix":1},"s":{"a":1,"k":[{"i":{"x":[0.437,0.437],"y":[1,1]},"o":{"x":[0.567,0.567],"y":[0,0]},"t":0,"s":[0,0]},{"t":7.5,"s":[40,40]}],"ix":3},"r":{"a":0,"k":0,"ix":6},"o":{"a":0,"k":100,"ix":7},"sk":{"a":0,"k":0,"ix":4},"sa":{"a":0,"k":0,"ix":5},"nm":"Transform"}],"nm":"Group 1","np":2,"cix":2,"bm":0,"ix":1,"mn":"ADBE Vector Group","hd":false}],"ip":0,"op":480,"st":0,"bm":0}]},{"id":"comp_5","layers":[{"ddd":0,"ind":1,"ty":4,"nm":"yesil Outlines 2","sr":1,"ks":{"o":{"a":0,"k":100,"ix":11},"r":{"a":1,"k":[{"i":{"x":[0.177],"y":[1]},"o":{"x":[0.218],"y":[0]},"t":0,"s":[0]},{"t":116.5,"s":[360]}],"ix":10},"p":{"a":1,"k":[{"i":{"x":0.366,"y":0.815},"o":{"x":0.515,"y":0.229},"t":0,"s":[194,625.5,0],"to":[0,0,0],"ti":[46.683,4.781,0]},{"i":{"x":0.634,"y":0.207},"o":{"x":0.287,"y":0.198},"t":23,"s":[192,357.5,0],"to":[-64.543,-6.611,0],"ti":[-9.965,-73.08,0]},{"i":{"x":0.624,"y":0.896},"o":{"x":0.375,"y":0.427},"t":71.5,"s":[164,581.5,0],"to":[30,220,0],"ti":[18,-76,0]},{"t":134,"s":[180,1185.5,0]}],"ix":2},"a":{"a":0,"k":[93.893,291.745,0],"ix":1},"s":{"a":1,"k":[{"i":{"x":[0.667,0.667,0.667],"y":[1,1,1]},"o":{"x":[0.333,0.333,0.333],"y":[0,0,0]},"t":0,"s":[100,100,100]},{"i":{"x":[0.667,0.667,0.667],"y":[1,1,1]},"o":{"x":[0.333,0.333,0.333],"y":[0,0,0]},"t":19,"s":[-100,100,100]},{"i":{"x":[0.667,0.667,0.667],"y":[1,1,1]},"o":{"x":[0.333,0.333,0.333],"y":[0,0,0]},"t":43,"s":[-100,-100,100]},{"i":{"x":[0.667,0.667,0.667],"y":[1,1,1]},"o":{"x":[0.333,0.333,0.333],"y":[0,0,0]},"t":76.5,"s":[-100,100,100]},{"t":116.5,"s":[-100,-100,100]}],"ix":6}},"ao":0,"shapes":[{"ty":"gr","it":[{"ind":0,"ty":"sh","ix":1,"ks":{"a":0,"k":{"i":[[0,0],[0,0],[0,0],[0,0]],"o":[[0,0],[0,0],[0,0],[0,0]],"v":[[27.096,13.548],[-27.096,13.548],[-27.096,-13.548],[27.096,-13.548]],"c":true},"ix":2},"nm":"Path 1","mn":"ADBE Vector Shape - Group","hd":false},{"ty":"fl","c":{"a":0,"k":[0.607843160629,0.368627458811,0.988235294819,1],"ix":4},"o":{"a":0,"k":100,"ix":5},"r":1,"bm":0,"nm":"Fill 1","mn":"ADBE Vector Graphic - Fill","hd":false},{"ty":"tr","p":{"a":0,"k":[93.893,291.745],"ix":2},"a":{"a":0,"k":[0,0],"ix":1},"s":{"a":1,"k":[{"i":{"x":[0.437,0.437],"y":[1,1]},"o":{"x":[0.567,0.567],"y":[0,0]},"t":0,"s":[0,0]},{"t":7.5,"s":[40,40]}],"ix":3},"r":{"a":0,"k":0,"ix":6},"o":{"a":0,"k":100,"ix":7},"sk":{"a":0,"k":0,"ix":4},"sa":{"a":0,"k":0,"ix":5},"nm":"Transform"}],"nm":"Group 1","np":2,"cix":2,"bm":0,"ix":1,"mn":"ADBE Vector Group","hd":false}],"ip":0,"op":480,"st":0,"bm":0}]}],"layers":[{"ddd":0,"ind":4,"ty":0,"nm":"ornek lott1","refId":"comp_0","sr":1,"ks":{"o":{"a":0,"k":100,"ix":11},"r":{"a":0,"k":0,"ix":10},"p":{"a":0,"k":[195,200,0],"ix":2},"a":{"a":0,"k":[195,548,0],"ix":1},"s":{"a":0,"k":[100,100,100],"ix":6}},"ao":0,"w":390,"h":1096,"ip":0,"op":480,"st":0,"bm":0},{"ddd":0,"ind":5,"ty":0,"nm":"ornek lott1","refId":"comp_0","sr":1,"ks":{"o":{"a":0,"k":100,"ix":11},"r":{"a":0,"k":0,"ix":10},"p":{"a":0,"k":[195,67,0],"ix":2},"a":{"a":0,"k":[195,548,0],"ix":1},"s":{"a":0,"k":[100,100,100],"ix":6}},"ao":0,"w":390,"h":1096,"ip":60.5,"op":488.5,"st":8.5,"bm":0}],"markers":[]}